Diplotype,Effect1,Effect2,Predicted_Phenotype,Prob_Poor,Prob_Intermediate,Confidence
*2/*27,p.R144C,p.R150H; p.R150L,Intermediate,0.10762383,0.8923762,High
*2/*47,p.R144C,p.P163L,Intermediate,0.14871292,0.85128707,High
*2/*58,p.R144C,p.P337T,Intermediate,0.1257222,0.87427783,High
*2/*62,p.R144C,p.R125C,Poor,0.8672791,0.13272089,High
*2/*63,p.R144C,p.R144H,Intermediate,0.09190884,0.9080912,High
*2/*65,p.R144C,p.E326D,Intermediate,0.12532002,0.87468,High
*2/*72,p.R144C,p.A149V,Intermediate,0.11856038,0.8814396,High
*2/*75,p.R144C,p.N418T,Intermediate,0.14319047,0.8568095,High
*3/*7,p.I359L,p.L19I,Poor,0.868588,0.13141203,High
*3/*10,p.I359L,p.E272G,Poor,0.95207345,0.047926545,High
*3/*17,p.I359L,p.P382S,Poor,0.9080752,0.09192479,High
*3/*18,p.I359L,"p.I359L , p.D397A",Poor,0.9249931,0.0750069,High
*3/*19,p.I359L,p.Q454H,Poor,0.9230649,0.07693511,High
*3/*21,p.I359L,p.P30L,Poor,0.9410812,0.058918774,High
*3/*32,p.I359L,p.V490F,Poor,0.853682,0.14631802,High
*3/*34,p.I359L,p.R132Q,Poor,0.97803307,0.021966934,High
*3/*40,p.I359L,p.F110S,Poor,0.9349973,0.06500268,High
*3/*41,p.I359L,p.K119R,Poor,0.9034134,0.096586585,High
*3/*48,p.I359L,p.I207T,Poor,0.85326415,0.14673585,High
*3/*53,p.I359L,p.P317S,Poor,0.87041265,0.12958735,High
*3/*54,p.I359L,p.S343R,Poor,0.9410217,0.05897832,High
*3/*57,p.I359L,p.N204H,Poor,0.97055817,0.029441833,High
*3/*60,p.I359L,p.L467P,Poor,0.90515155,0.094848454,High
*3/*62,p.I359L,p.R125C,Poor,0.9727068,0.027293205,High
*3/*64,p.I359L,p.S280C,Poor,0.8523117,0.14768833,High
*3/*67,p.I359L,p.R433W,Poor,0.9724409,0.027559102,High
*3/*69,p.I359L,p.D191G,Poor,0.9113439,0.08865613,High
*3/*70,p.I359L,p.G442V,Poor,0.89728355,0.102716446,High
*3/*71,p.I359L,"p.E272G , p.P489S",Poor,0.95207345,0.047926545,High
*3/*73,p.I359L,p.R150C,Poor,0.9226937,0.07730627,High
*3/*74,p.I359L,p.Q214H,Poor,0.9294834,0.07051659,High
*4/*27,p.I359T,p.R150H; p.R150L,Intermediate,0.07016343,0.9298366,High
*4/*32,p.I359T,p.V490F,Intermediate,0.08299794,0.9170021,High
*4/*47,p.I359T,p.P163L,Intermediate,0.059372287,0.9406277,High
*4/*48,p.I359T,p.I207T,Intermediate,0.08672952,0.9132705,High
*4/*49,p.I359T,p.I222V,Intermediate,0.08241592,0.91758406,High
*4/*51,p.I359T,p.I284V,Intermediate,0.07131186,0.92868817,High
*4/*53,p.I359T,p.P317S,Intermediate,0.116878845,0.88312113,High
*4/*56,p.I359T,p.I387V,Intermediate,0.08439468,0.9156053,High
*4/*58,p.I359T,p.P337T,Intermediate,0.06669839,0.9333016,High
*4/*60,p.I359T,p.L467P,Intermediate,0.13230859,0.8676914,High
*4/*62,p.I359T,p.R125C,Poor,0.88967615,0.11032385,High
*4/*63,p.I359T,p.R144H,Intermediate,0.06311626,0.93688375,High
*4/*64,p.I359T,p.S280C,Intermediate,0.1208876,0.8791124,High
*4/*65,p.I359T,p.E326D,Intermediate,0.07099148,0.92900854,High
*4/*66,p.I359T,p.L362V,Intermediate,0.08439468,0.9156053,High
*4/*70,p.I359T,p.G442V,Intermediate,0.12802036,0.87197965,High
*4/*72,p.I359T,p.A149V,Intermediate,0.05957481,0.9404252,High
*4/*75,p.I359T,p.N418T,Intermediate,0.08418783,0.9158122,High
*5/*7,p.D360E,p.L19I,Intermediate,0.117129594,0.88287044,High
*5/*27,p.D360E,p.R150H; p.R150L,Intermediate,0.044793896,0.9552061,High
*5/*32,p.D360E,p.V490F,Intermediate,0.07379141,0.9262086,High
*5/*34,p.D360E,p.R132Q,Poor,0.91322947,0.086770535,High
*5/*36,p.D360E,"p.M1V , p.D360E",Intermediate,0.08834478,0.9116552,High
*5/*47,p.D360E,p.P163L,Intermediate,0.043597728,0.9564023,High
*5/*48,p.D360E,p.I207T,Intermediate,0.04990798,0.950092,High
*5/*49,p.D360E,p.I222V,Intermediate,0.04591348,0.95408654,High
*5/*51,p.D360E,p.I284V,Intermediate,0.0416303,0.9583697,High
*5/*53,p.D360E,p.P317S,Intermediate,0.094802596,0.9051974,High
*5/*56,p.D360E,p.I387V,Intermediate,0.06143314,0.93856686,High
*5/*58,p.D360E,p.P337T,Intermediate,0.040175386,0.9598246,High
*5/*62,p.D360E,p.R125C,Poor,0.9472369,0.052763104,High
*5/*63,p.D360E,p.R144H,Intermediate,0.04559638,0.95440364,High
*5/*64,p.D360E,p.S280C,Intermediate,0.10851592,0.8914841,High
*5/*65,p.D360E,p.E326D,Intermediate,0.029458132,0.9705419,High
*5/*66,p.D360E,p.L362V,Intermediate,0.061216667,0.93878335,High
*5/*67,p.D360E,p.R433W,Poor,0.8875113,0.11248869,High
*5/*72,p.D360E,p.A149V,Intermediate,0.040352143,0.95964783,High
*5/*75,p.D360E,p.N418T,Intermediate,0.050181046,0.94981897,High
*6/*7,p.K273fs(delA),p.L19I,Poor,0.8967686,0.10323137,High
*6/*10,p.K273fs(delA),p.E272G,Poor,0.95799583,0.042004168,High
*6/*17,p.K273fs(delA),p.P382S,Poor,0.9718893,0.028110683,High
*6/*18,p.K273fs(delA),"p.I359L , p.D397A",Poor,0.9691751,0.0308249,High
*6/*19,p.K273fs(delA),p.Q454H,Poor,0.9342506,0.06574941,High
*6/*20,p.K273fs(delA),p.G70R,Poor,0.8944943,0.105505705,High
*6/*21,p.K273fs(delA),p.P30L,Poor,0.9654319,0.03456807,High
*6/*22,p.K273fs(delA),p.N41D,Poor,0.86562747,0.13437253,High
*6/*27,p.K273fs(delA),p.R150H; p.R150L,Poor,0.8901772,0.10982281,High
*6/*32,p.K273fs(delA),p.V490F,Poor,0.9405933,0.059406698,High
*6/*34,p.K273fs(delA),p.R132Q,Poor,0.985335,0.014665008,High
*6/*36,p.K273fs(delA),"p.M1V , p.D360E",Poor,0.86385775,0.13614225,High
*6/*40,p.K273fs(delA),p.F110S,Poor,0.9779816,0.022018373,High
*6/*41,p.K273fs(delA),p.K119R,Poor,0.95361596,0.046384037,High
*6/*47,p.K273fs(delA),p.P163L,Poor,0.8852082,0.11479181,High
*6/*48,p.K273fs(delA),p.I207T,Poor,0.9498431,0.05015689,High
*6/*49,p.K273fs(delA),p.I222V,Poor,0.938482,0.061518013,High
*6/*51,p.K273fs(delA),p.I284V,Poor,0.88955295,0.11044705,High
*6/*53,p.K273fs(delA),p.P317S,Poor,0.94869107,0.05130893,High
*6/*54,p.K273fs(delA),p.S343R,Poor,0.9496636,0.05033642,High
*6/*56,p.K273fs(delA),p.I387V,Poor,0.93997544,0.06002456,High
*6/*57,p.K273fs(delA),p.N204H,Poor,0.9762256,0.023774385,High
*6/*58,p.K273fs(delA),p.P337T,Poor,0.9113813,0.088618696,High
*6/*60,p.K273fs(delA),p.L467P,Poor,0.9585543,0.041445673,High
*6/*62,p.K273fs(delA),p.R125C,Poor,0.9844742,0.015525818,High
*6/*64,p.K273fs(delA),p.S280C,Poor,0.94342554,0.056574464,High
*6/*66,p.K273fs(delA),p.L362V,Poor,0.93997544,0.06002456,High
*6/*67,p.K273fs(delA),p.R433W,Poor,0.9843419,0.01565808,High
*6/*69,p.K273fs(delA),p.D191G,Poor,0.94061935,0.05938065,High
*6/*70,p.K273fs(delA),p.G442V,Poor,0.95689625,0.043103755,High
*6/*71,p.K273fs(delA),"p.E272G , p.P489S",Poor,0.95799583,0.042004168,High
*6/*72,p.K273fs(delA),p.A149V,Poor,0.8501002,0.14989978,High
*6/*73,p.K273fs(delA),p.R150C,Poor,0.9539436,0.04605639,High
*6/*74,p.K273fs(delA),p.Q214H,Poor,0.9423904,0.057609618,High
*6/*75,p.K273fs(delA),p.N418T,Poor,0.9074097,0.09259027,High
*7/*7,p.L19I,p.L19I,Intermediate,0.090411924,0.9095881,High
*7/*8,p.L19I,p.R150H; p.R150L,Intermediate,0.06969801,0.93030196,High
*7/*9,p.L19I,p.H251R,Intermediate,0.05584726,0.9441527,High
*7/*11,p.L19I,p.R335W,Intermediate,0.082717784,0.9172822,High
*7/*12,p.L19I,p.P489S,Intermediate,0.06986379,0.9301362,High
*7/*22,p.L19I,p.N41D,Intermediate,0.11658171,0.8834183,High
*7/*23,p.L19I,p.V76M,Intermediate,0.06438747,0.93561256,High
*7/*26,p.L19I,p.T130R; p.T130M,Intermediate,0.10306665,0.8969333,High
*7/*27,p.L19I,p.R150H; p.R150L,Intermediate,0.06969801,0.93030196,High
*7/*28,p.L19I,p.Q214L,Intermediate,0.1280681,0.8719319,High
*7/*29,p.L19I,p.P279T,Intermediate,0.08967223,0.9103278,High
*7/*31,p.L19I,p.I327T,Intermediate,0.09508263,0.90491736,High
*7/*36,p.L19I,"p.M1V , p.D360E",Intermediate,0.07946899,0.92053103,High
*7/*37,p.L19I,p.D49G,Intermediate,0.14674446,0.8532555,High
*7/*38,p.L19I,p.G96A,Intermediate,0.09052781,0.90947217,High
*7/*44,p.L19I,p.T130R; p.T130M,Intermediate,0.10306665,0.8969333,High
*7/*46,p.L19I,p.A149T,Intermediate,0.081486024,0.91851395,High
*7/*47,p.L19I,p.P163L,Intermediate,0.078691855,0.92130816,High
*7/*48,p.L19I,p.I207T,Intermediate,0.13550246,0.86449754,High
*7/*49,p.L19I,p.I222V,Intermediate,0.0831538,0.9168462,High
*7/*50,p.L19I,p.P227S,Intermediate,0.13771188,0.8622881,High
*7/*51,p.L19I,p.I284V,Intermediate,0.073466934,0.92653304,High
*7/*55,p.L19I,p.L361I,Intermediate,0.097758055,0.90224195,High
*7/*56,p.L19I,p.I387V,Intermediate,0.1294805,0.8705195,High
*7/*58,p.L19I,p.P337T,Intermediate,0.075905345,0.9240947,High
*7/*61,p.L19I,"p.R144C , p.N457S",Intermediate,0.10106655,0.8989335,High
*7/*63,p.L19I,p.R144H,Intermediate,0.06086384,0.93913615,High
*7/*65,p.L19I,p.E326D,Intermediate,0.07184467,0.9281553,High
*7/*66,p.L19I,p.L362V,Intermediate,0.1364902,0.8635098,High
*7/*72,p.L19I,p.A149V,Intermediate,0.078535564,0.92146444,High
*7/*75,p.L19I,p.N418T,Intermediate,0.08565876,0.9143412,High
*8/*22,p.R150H; p.R150L,p.N41D,Intermediate,0.1462725,0.8537275,High
*8/*27,p.R150H; p.R150L,p.R150H; p.R150L,Intermediate,0.040339377,0.95966065,High
*8/*32,p.R150H; p.R150L,p.V490F,Intermediate,0.07865081,0.92134917,High
*8/*36,p.R150H; p.R150L,"p.M1V , p.D360E",Intermediate,0.08133043,0.9186696,High
*8/*47,p.R150H; p.R150L,p.P163L,Intermediate,0.038666062,0.96133393,High
*8/*48,p.R150H; p.R150L,p.I207T,Intermediate,0.057302423,0.9426976,High
*8/*49,p.R150H; p.R150L,p.I222V,Intermediate,0.04966829,0.9503317,High
*8/*51,p.R150H; p.R150L,p.I284V,Intermediate,0.047418807,0.95258117,High
*8/*53,p.R150H; p.R150L,p.P317S,Intermediate,0.10236925,0.89763075,High
*8/*56,p.R150H; p.R150L,p.I387V,Intermediate,0.064147554,0.93585247,High
*8/*58,p.R150H; p.R150L,p.P337T,Intermediate,0.032929733,0.9670703,High
*8/*63,p.R150H; p.R150L,p.R144H,Intermediate,0.04236047,0.9576395,High
*8/*64,p.R150H; p.R150L,p.S280C,Intermediate,0.1152745,0.8847255,High
*8/*65,p.R150H; p.R150L,p.E326D,Intermediate,0.039799307,0.96020067,High
*8/*66,p.R150H; p.R150L,p.L362V,Intermediate,0.0711011,0.92889893,High
*8/*72,p.R150H; p.R150L,p.A149V,Intermediate,0.03840354,0.9615965,High
*8/*75,p.R150H; p.R150L,p.N418T,Intermediate,0.044402834,0.95559716,High
*9/*10,p.H251R,p.E272G,Intermediate,0.11355021,0.8864498,High
*9/*17,p.H251R,p.P382S,Intermediate,0.13013507,0.86986494,High
*9/*19,p.H251R,p.Q454H,Intermediate,0.08181217,0.91818786,High
*9/*20,p.H251R,p.G70R,Intermediate,0.05845807,0.9415419,High
*9/*21,p.H251R,p.P30L,Intermediate,0.1059,0.8941,High
*9/*22,p.H251R,p.N41D,Intermediate,0.042148076,0.95785195,High
*9/*27,p.H251R,p.R150H; p.R150L,Intermediate,0.021963961,0.97803605,High
*9/*32,p.H251R,p.V490F,Intermediate,0.04324266,0.95675737,High
*9/*36,p.H251R,"p.M1V , p.D360E",Intermediate,0.027300786,0.9726992,High
*9/*40,p.H251R,p.F110S,Intermediate,0.09144074,0.90855926,High
*9/*41,p.H251R,p.K119R,Intermediate,0.06351476,0.93648523,High
*9/*47,p.H251R,p.P163L,Intermediate,0.019729877,0.98027015,High
*9/*48,p.H251R,p.I207T,Intermediate,0.026495418,0.9735046,High
*9/*49,p.H251R,p.I222V,Intermediate,0.024196254,0.97580373,High
*9/*51,p.H251R,p.I284V,Intermediate,0.022286871,0.9777131,High
*9/*53,p.H251R,p.P317S,Intermediate,0.05464224,0.94535774,High
*9/*54,p.H251R,p.S343R,Intermediate,0.1275987,0.8724013,High
*9/*56,p.H251R,p.I387V,Intermediate,0.0337303,0.96626973,High
*9/*57,p.H251R,p.N204H,Intermediate,0.13997202,0.86002797,High
*9/*58,p.H251R,p.P337T,Intermediate,0.01999638,0.9800036,High
*9/*59,p.H251R,p.I434F,Intermediate,0.06353037,0.9364696,High
*9/*60,p.H251R,p.L467P,Intermediate,0.1074122,0.8925878,High
*9/*63,p.H251R,p.R144H,Intermediate,0.016938368,0.9830616,High
*9/*64,p.H251R,p.S280C,Intermediate,0.057941895,0.9420581,High
*9/*65,p.H251R,p.E326D,Intermediate,0.0195161,0.9804839,High
*9/*66,p.H251R,p.L362V,Intermediate,0.035769347,0.96423066,High
*9/*69,p.H251R,p.D191G,Intermediate,0.048252646,0.95174736,High
*9/*70,p.H251R,p.G442V,Intermediate,0.10267461,0.8973254,High
*9/*71,p.H251R,"p.E272G , p.P489S",Intermediate,0.11355021,0.8864498,High
*9/*72,p.H251R,p.A149V,Intermediate,0.019434763,0.98056525,High
*9/*73,p.H251R,p.R150C,Intermediate,0.10300264,0.89699733,High
*9/*74,p.H251R,p.Q214H,Intermediate,0.074924305,0.9250757,High
*9/*75,p.H251R,p.N418T,Intermediate,0.024111928,0.9758881,High
*10/*10,p.E272G,p.E272G,Poor,0.854136,0.14586401,High
*10/*13,p.E272G,p.L90P,Poor,0.9513236,0.04867637,High
*10/*14,p.E272G,p.R125H; p.R125L,Poor,0.92575574,0.07424426,High
*10/*15,p.E272G,p.S162X,Poor,0.9571362,0.042863786,High
*10/*16,p.E272G,p.T299A,Poor,0.8852061,0.1147939,High
*10/*17,p.E272G,p.P382S,Poor,0.93207014,0.067929864,High
*10/*18,p.E272G,"p.I359L , p.D397A",Poor,0.94746834,0.05253166,High
*10/*19,p.E272G,p.Q454H,Poor,0.865342,0.13465798,High
*10/*21,p.E272G,p.P30L,Poor,0.8853086,0.11469138,High
*10/*24,p.E272G,p.E354K,Poor,0.97075653,0.02924347,High
*10/*28,p.E272G,p.Q214L,Poor,0.86316264,0.13683736,High
*10/*30,p.E272G,p.A477T,Poor,0.8611381,0.1388619,High
*10/*32,p.E272G,p.V490F,Poor,0.8787007,0.12129933,High
*10/*33,p.E272G,p.R132Q,Poor,0.96973294,0.03026706,High
*10/*34,p.E272G,p.R132Q,Poor,0.96973294,0.03026706,High
*10/*35,p.E272G,"p.R125H; p.R125L , p.R144C",Poor,0.92575574,0.07424426,High
*10/*39,p.E272G,p.G98V,Poor,0.9794303,0.020569682,High
*10/*40,p.E272G,p.F110S,Poor,0.9617578,0.03824222,High
*10/*41,p.E272G,p.K119R,Poor,0.92501605,0.074983954,High
*10/*42,p.E272G,p.R124Q,Poor,0.981712,0.018288016,High
*10/*43,p.E272G,p.R124W,Poor,0.9815228,0.018477201,High
*10/*45,p.E272G,p.R132W,Poor,0.97851086,0.021489143,High
*10/*48,p.E272G,p.I207T,Poor,0.8653228,0.13467717,High
*10/*49,p.E272G,p.I222V,Poor,0.8521667,0.14783329,High
*10/*50,p.E272G,p.P227S,Poor,0.9139953,0.086004674,High
*10/*52,p.E272G,p.T299R,Poor,0.9638947,0.036105275,High
*10/*53,p.E272G,p.P317S,Poor,0.8874809,0.112519085,High
*10/*54,p.E272G,p.S343R,Poor,0.860598,0.13940197,High
*10/*55,p.E272G,p.L361I,Poor,0.89172405,0.10827595,High
*10/*56,p.E272G,p.I387V,Poor,0.8802491,0.11975092,High
*10/*57,p.E272G,p.N204H,Poor,0.947997,0.052003026,High
*10/*60,p.E272G,p.L467P,Poor,0.89762866,0.102371335,High
*10/*62,p.E272G,p.R125C,Poor,0.97464764,0.025352359,High
*10/*64,p.E272G,p.S280C,Poor,0.89054006,0.10945994,High
*10/*66,p.E272G,p.L362V,Poor,0.8802491,0.11975092,High
*10/*67,p.E272G,p.R433W,Poor,0.9628959,0.03710413,High
*10/*70,p.E272G,p.G442V,Poor,0.8824918,0.11750817,High
*10/*71,p.E272G,"p.E272G , p.P489S",Poor,0.854136,0.14586401,High
*10/*73,p.E272G,p.R150C,Poor,0.87144864,0.12855136,High
*10/*74,p.E272G,p.Q214H,Poor,0.8721189,0.12788111,High
*11/*27,p.R335W,p.R150H; p.R150L,Intermediate,0.12581986,0.87418014,High
*11/*47,p.R335W,p.P163L,Intermediate,0.08944119,0.9105588,High
*11/*58,p.R335W,p.P337T,Intermediate,0.102877215,0.8971228,High
*11/*63,p.R335W,p.R144H,Intermediate,0.09023609,0.90976393,High
*11/*72,p.R335W,p.A149V,Intermediate,0.097463064,0.9025369,High
*11/*75,p.R335W,p.N418T,Intermediate,0.12140772,0.87859225,High
*12/*27,p.P489S,p.R150H; p.R150L,Intermediate,0.044881176,0.95511883,High
*12/*32,p.P489S,p.V490F,Intermediate,0.06476143,0.9352386,High
*12/*36,p.P489S,"p.M1V , p.D360E",Intermediate,0.077361085,0.9226389,High
*12/*47,p.P489S,p.P163L,Intermediate,0.033868883,0.9661311,High
*12/*48,p.P489S,p.I207T,Intermediate,0.047331996,0.952668,High
*12/*49,p.P489S,p.I222V,Intermediate,0.03985793,0.9601421,High
*12/*51,p.P489S,p.I284V,Intermediate,0.03588232,0.9641177,High
*12/*53,p.P489S,p.P317S,Intermediate,0.08339414,0.91660583,High
*12/*56,p.P489S,p.I387V,Intermediate,0.056516405,0.9434836,High
*12/*58,p.P489S,p.P337T,Intermediate,0.036979694,0.9630203,High
*12/*62,p.P489S,p.R125C,Poor,0.85688996,0.14311004,High
*12/*63,p.P489S,p.R144H,Intermediate,0.042767562,0.9572324,High
*12/*64,p.P489S,p.S280C,Intermediate,0.096261725,0.90373826,High
*12/*65,p.P489S,p.E326D,Intermediate,0.025810635,0.97418934,High
*12/*66,p.P489S,p.L362V,Intermediate,0.058093213,0.9419068,High
*12/*72,p.P489S,p.A149V,Intermediate,0.034360982,0.965639,High
*12/*75,p.P489S,p.N418T,Intermediate,0.041475236,0.95852476,High
*13/*17,p.L90P,p.P382S,Poor,0.87511945,0.12488055,High
*13/*18,p.L90P,"p.I359L , p.D397A",Poor,0.90000176,0.099998236,High
*13/*19,p.L90P,p.Q454H,Poor,0.9135404,0.08645958,High
*13/*20,p.L90P,p.G70R,Poor,0.94362605,0.056373954,High
*13/*21,p.L90P,p.P30L,Poor,0.9497159,0.050284088,High
*13/*22,p.L90P,p.N41D,Poor,0.88805026,0.11194974,High
*13/*34,p.L90P,p.R132Q,Poor,0.97734344,0.02265656,High
*13/*36,p.L90P,"p.M1V , p.D360E",Poor,0.87885505,0.12114495,High
*13/*40,p.L90P,p.F110S,Poor,0.94261575,0.057384253,High
*13/*41,p.L90P,p.K119R,Poor,0.895505,0.10449499,High
*13/*54,p.L90P,p.S343R,Poor,0.93061197,0.06938803,High
*13/*57,p.L90P,p.N204H,Poor,0.9627664,0.03723359,High
*13/*62,p.L90P,p.R125C,Poor,0.9715769,0.02842307,High
*13/*64,p.L90P,p.S280C,Poor,0.85420436,0.14579564,High
*13/*67,p.L90P,p.R433W,Poor,0.96640855,0.03359145,High
*13/*69,p.L90P,p.D191G,Poor,0.91396636,0.08603364,High
*13/*71,p.L90P,"p.E272G , p.P489S",Poor,0.9233574,0.07664257,High
*13/*73,p.L90P,p.R150C,Poor,0.9378779,0.062122107,High
*13/*74,p.L90P,p.Q214H,Poor,0.91893303,0.081066966,High
*14/*34,p.R125H; p.R125L,p.R132Q,Poor,0.91458964,0.08541036,High
*14/*57,p.R125H; p.R125L,p.N204H,Poor,0.88404375,0.11595625,High
*14/*62,p.R125H; p.R125L,p.R125C,Poor,0.89083403,0.10916597,High
*14/*67,p.R125H; p.R125L,p.R433W,Poor,0.8501285,0.14987153,High
*15/*17,p.S162X,p.P382S,Poor,0.9629991,0.037000895,High
*15/*18,p.S162X,"p.I359L , p.D397A",Poor,0.968649,0.03135097,High
*15/*19,p.S162X,p.Q454H,Poor,0.95576596,0.044234037,High
*15/*20,p.S162X,p.G70R,Poor,0.9535162,0.046483815,High
*15/*21,p.S162X,p.P30L,Poor,0.9666458,0.033354223,High
*15/*22,p.S162X,p.N41D,Poor,0.9229347,0.07706529,High
*15/*27,p.S162X,p.R150H; p.R150L,Poor,0.92514694,0.07485306,High
*15/*32,p.S162X,p.V490F,Poor,0.9487006,0.051299393,High
*15/*34,p.S162X,p.R132Q,Poor,0.9845813,0.015418708,High
*15/*36,p.S162X,"p.M1V , p.D360E",Poor,0.9223576,0.07764238,High
*15/*40,p.S162X,p.F110S,Poor,0.96749675,0.032503247,High
*15/*41,p.S162X,p.K119R,Poor,0.9323312,0.067668796,High
*15/*47,p.S162X,p.P163L,Poor,0.93780565,0.062194347,High
*15/*48,p.S162X,p.I207T,Poor,0.95527905,0.044720948,High
*15/*49,p.S162X,p.I222V,Poor,0.9351094,0.06489062,High
*15/*51,p.S162X,p.I284V,Poor,0.9169582,0.08304179,High
*15/*53,p.S162X,p.P317S,Poor,0.9512483,0.04875171,High
*15/*54,p.S162X,p.S343R,Poor,0.96017903,0.03982097,High
*15/*56,p.S162X,p.I387V,Poor,0.95300186,0.046998143,High
*15/*57,p.S162X,p.N204H,Poor,0.98143965,0.01856035,High
*15/*58,p.S162X,p.P337T,Poor,0.9319999,0.06800008,High
*15/*59,p.S162X,p.I434F,Poor,0.954677,0.045323014,High
*15/*60,p.S162X,p.L467P,Poor,0.9623464,0.037653625,High
*15/*62,p.S162X,p.R125C,Poor,0.97770417,0.022295833,High
*15/*63,p.S162X,p.R144H,Poor,0.90890795,0.09109205,High
*15/*64,p.S162X,p.S280C,Poor,0.9554096,0.044590414,High
*15/*65,p.S162X,p.E326D,Poor,0.9166235,0.08337653,High
*15/*66,p.S162X,p.L362V,Poor,0.95300186,0.046998143,High
*15/*67,p.S162X,p.R433W,Poor,0.9780227,0.021977305,High
*15/*69,p.S162X,p.D191G,Poor,0.96724206,0.032757938,High
*15/*70,p.S162X,p.G442V,Poor,0.96083385,0.039166152,High
*15/*71,p.S162X,"p.E272G , p.P489S",Poor,0.96236706,0.037632942,High
*15/*72,p.S162X,p.A149V,Poor,0.92423946,0.07576054,High
*15/*73,p.S162X,p.R150C,Poor,0.9657566,0.034243405,High
*15/*74,p.S162X,p.Q214H,Poor,0.96151084,0.038489163,High
*15/*75,p.S162X,p.N418T,Poor,0.92730767,0.072692335,High
*16/*27,p.T299A,p.R150H; p.R150L,Intermediate,0.07132139,0.92867863,High
*16/*32,p.T299A,p.V490F,Intermediate,0.10280466,0.89719534,High
*16/*34,p.T299A,p.R132Q,Poor,0.9468821,0.05311787,High
*16/*36,p.T299A,"p.M1V , p.D360E",Intermediate,0.12914404,0.8708559,High
*16/*47,p.T299A,p.P163L,Intermediate,0.047477655,0.95252234,High
*16/*48,p.T299A,p.I207T,Intermediate,0.07039805,0.92960197,High
*16/*49,p.T299A,p.I222V,Intermediate,0.0634957,0.9365043,High
*16/*51,p.T299A,p.I284V,Intermediate,0.053506326,0.9464937,High
*16/*53,p.T299A,p.P317S,Intermediate,0.104749136,0.89525086,High
*16/*56,p.T299A,p.I387V,Intermediate,0.074113004,0.925887,High
*16/*58,p.T299A,p.P337T,Intermediate,0.05807211,0.9419279,High
*16/*62,p.T299A,p.R125C,Poor,0.9616914,0.03830862,High
*16/*63,p.T299A,p.R144H,Intermediate,0.070654094,0.9293459,High
*16/*65,p.T299A,p.E326D,Intermediate,0.0617977,0.9382023,High
*16/*66,p.T299A,p.L362V,Intermediate,0.074113004,0.925887,High
*16/*67,p.T299A,p.R433W,Poor,0.9318839,0.06811613,High
*16/*72,p.T299A,p.A149V,Intermediate,0.049893793,0.9501062,High
*16/*75,p.T299A,p.N418T,Intermediate,0.072750345,0.92724967,High
*17/*18,p.P382S,"p.I359L , p.D397A",Poor,0.8639858,0.13601422,High
*17/*19,p.P382S,p.Q454H,Poor,0.91430014,0.08569986,High
*17/*21,p.P382S,p.P30L,Poor,0.88987154,0.11012846,High
*17/*24,p.P382S,p.E354K,Poor,0.9699103,0.030089676,High
*17/*33,p.P382S,p.R132Q,Poor,0.9692932,0.030706823,High
*17/*34,p.P382S,p.R132Q,Poor,0.9692932,0.030706823,High
*17/*39,p.P382S,p.G98V,Poor,0.956854,0.043146014,High
*17/*40,p.P382S,p.F110S,Poor,0.9271377,0.07286233,High
*17/*41,p.P382S,p.K119R,Poor,0.8847909,0.1152091,High
*17/*42,p.P382S,p.R124Q,Poor,0.9802632,0.019736826,High
*17/*43,p.P382S,p.R124W,Poor,0.9834796,0.016520381,High
*17/*45,p.P382S,p.R132W,Poor,0.9705654,0.029434621,High
*17/*52,p.P382S,p.T299R,Poor,0.96311665,0.036883354,High
*17/*54,p.P382S,p.S343R,Poor,0.92616266,0.07383734,High
*17/*57,p.P382S,p.N204H,Poor,0.95563316,0.044366837,High
*17/*62,p.P382S,p.R125C,Poor,0.9783598,0.021640182,High
*17/*67,p.P382S,p.R433W,Poor,0.96296436,0.037035644,High
*17/*71,p.P382S,"p.E272G , p.P489S",Poor,0.9228868,0.07711321,High
*17/*73,p.P382S,p.R150C,Poor,0.91689956,0.08310044,High
*17/*74,p.P382S,p.Q214H,Poor,0.9129178,0.08708221,High
*18/*18,"p.I359L , p.D397A","p.I359L , p.D397A",Poor,0.9249931,0.0750069,High
*18/*19,"p.I359L , p.D397A",p.Q454H,Poor,0.9230649,0.07693511,High
*18/*21,"p.I359L , p.D397A",p.P30L,Poor,0.9410812,0.058918774,High
*18/*24,"p.I359L , p.D397A",p.E354K,Poor,0.97775227,0.022247732,High
*18/*25,"p.I359L , p.D397A",,Poor,0.8915128,0.10848719,High
*18/*28,"p.I359L , p.D397A",p.Q214L,Poor,0.8572477,0.14275229,High
*18/*30,"p.I359L , p.D397A",p.A477T,Poor,0.8525382,0.14746177,High
*18/*32,"p.I359L , p.D397A",p.V490F,Poor,0.853682,0.14631802,High
*18/*33,"p.I359L , p.D397A",p.R132Q,Poor,0.97803307,0.021966934,High
*18/*34,"p.I359L , p.D397A",p.R132Q,Poor,0.97803307,0.021966934,High
*18/*35,"p.I359L , p.D397A","p.R125H; p.R125L , p.R144C",Poor,0.88974345,0.11025655,High
*18/*37,"p.I359L , p.D397A",p.D49G,Poor,0.869993,0.13000703,High
*18/*39,"p.I359L , p.D397A",p.G98V,Poor,0.96598166,0.034018338,High
*18/*40,"p.I359L , p.D397A",p.F110S,Poor,0.9349973,0.06500268,High
*18/*41,"p.I359L , p.D397A",p.K119R,Poor,0.9034134,0.096586585,High
*18/*42,"p.I359L , p.D397A",p.R124Q,Poor,0.98070705,0.01929295,High
*18/*43,"p.I359L , p.D397A",p.R124W,Poor,0.9836556,0.016344428,High
*18/*45,"p.I359L , p.D397A",p.R132W,Poor,0.9803878,0.019612193,High
*18/*48,"p.I359L , p.D397A",p.I207T,Poor,0.85326415,0.14673585,High
*18/*50,"p.I359L , p.D397A",p.P227S,Poor,0.87120193,0.12879807,High
*18/*52,"p.I359L , p.D397A",p.T299R,Poor,0.97547525,0.024524748,High
*18/*53,"p.I359L , p.D397A",p.P317S,Poor,0.87041265,0.12958735,High
*18/*54,"p.I359L , p.D397A",p.S343R,Poor,0.9410217,0.05897832,High
*18/*55,"p.I359L , p.D397A",p.L361I,Poor,0.8574033,0.14259672,High
*18/*57,"p.I359L , p.D397A",p.N204H,Poor,0.97055817,0.029441833,High
*18/*60,"p.I359L , p.D397A",p.L467P,Poor,0.90515155,0.094848454,High
*18/*62,"p.I359L , p.D397A",p.R125C,Poor,0.9727068,0.027293205,High
*18/*64,"p.I359L , p.D397A",p.S280C,Poor,0.8523117,0.14768833,High
*18/*67,"p.I359L , p.D397A",p.R433W,Poor,0.9724409,0.027559102,High
*18/*69,"p.I359L , p.D397A",p.D191G,Poor,0.9113439,0.08865613,High
*18/*70,"p.I359L , p.D397A",p.G442V,Poor,0.89728355,0.102716446,High
*18/*71,"p.I359L , p.D397A","p.E272G , p.P489S",Poor,0.95207345,0.047926545,High
*18/*73,"p.I359L , p.D397A",p.R150C,Poor,0.9226937,0.07730627,High
*18/*74,"p.I359L , p.D397A",p.Q214H,Poor,0.9294834,0.07051659,High
*19/*24,p.Q454H,p.E354K,Poor,0.89462084,0.105379164,High
*19/*33,p.Q454H,p.R132Q,Poor,0.89623535,0.10376465,High
*19/*34,p.Q454H,p.R132Q,Poor,0.89623535,0.10376465,High
*19/*39,p.Q454H,p.G98V,Poor,0.90243423,0.09756577,High
*19/*42,p.Q454H,p.R124Q,Poor,0.8653507,0.13464928,High
*19/*43,p.Q454H,p.R124W,Poor,0.914802,0.085197985,High
*19/*45,p.Q454H,p.R132W,Poor,0.8833478,0.11665219,High
*19/*52,p.Q454H,p.T299R,Poor,0.8679182,0.1320818,High
*19/*62,p.Q454H,p.R125C,Poor,0.8894396,0.11056042,High
*19/*67,p.Q454H,p.R433W,Poor,0.85190976,0.14809024,High
*20/*39,p.G70R,p.G98V,Poor,0.92557055,0.07442945,High
*20/*42,p.G70R,p.R124Q,Poor,0.94106454,0.058935463,High
*20/*43,p.G70R,p.R124W,Poor,0.9482472,0.051752806,High
*20/*45,p.G70R,p.R132W,Poor,0.880842,0.11915803,High
*20/*62,p.G70R,p.R125C,Poor,0.9247373,0.075262725,High
*21/*21,p.P30L,p.P30L,Poor,0.87440157,0.12559843,High
*21/*24,p.P30L,p.E354K,Poor,0.96270674,0.037293255,High
*21/*33,p.P30L,p.R132Q,Poor,0.9620226,0.037977397,High
*21/*34,p.P30L,p.R132Q,Poor,0.9620226,0.037977397,High
*21/*35,p.P30L,"p.R125H; p.R125L , p.R144C",Poor,0.87958246,0.120417535,High
*21/*39,p.P30L,p.G98V,Poor,0.9682201,0.031779885,High
*21/*40,p.P30L,p.F110S,Poor,0.92472124,0.07527876,High
*21/*41,p.P30L,p.K119R,Poor,0.87487304,0.12512696,High
*21/*42,p.P30L,p.R124Q,Poor,0.97634685,0.02365315,High
*21/*43,p.P30L,p.R124W,Poor,0.97761613,0.022383869,High
*21/*45,p.P30L,p.R132W,Poor,0.97499937,0.025000632,High
*21/*52,p.P30L,p.T299R,Poor,0.95848644,0.041513562,High
*21/*54,p.P30L,p.S343R,Poor,0.85157835,0.14842165,High
*21/*57,p.P30L,p.N204H,Poor,0.94307566,0.056924343,High
*21/*62,p.P30L,p.R125C,Poor,0.96924186,0.030758142,High
*21/*67,p.P30L,p.R433W,Poor,0.9590231,0.040976882,High
*21/*73,p.P30L,p.R150C,Poor,0.85705173,0.14294827,High
*21/*74,p.P30L,p.Q214H,Poor,0.8719624,0.12803757,High
*22/*22,p.N41D,p.N41D,Intermediate,0.11457733,0.88542265,High
*22/*23,p.N41D,p.V76M,Intermediate,0.11647829,0.88352174,High
*22/*26,p.N41D,p.T130R; p.T130M,Intermediate,0.093422815,0.90657717,High
*22/*27,p.N41D,p.R150H; p.R150L,Intermediate,0.10747649,0.8925235,High
*22/*29,p.N41D,p.P279T,Intermediate,0.11444238,0.88555765,High
*22/*31,p.N41D,p.I327T,Intermediate,0.083573334,0.91642666,High
*22/*36,p.N41D,"p.M1V , p.D360E",Intermediate,0.113575794,0.8864242,High
*22/*37,p.N41D,p.D49G,Intermediate,0.11636829,0.8836317,High
*22/*38,p.N41D,p.G96A,Intermediate,0.11717802,0.882822,High
*22/*44,p.N41D,p.T130R; p.T130M,Intermediate,0.093422815,0.90657717,High
*22/*46,p.N41D,p.A149T,Intermediate,0.09157189,0.90842813,High
*22/*47,p.N41D,p.P163L,Intermediate,0.082922086,0.9170779,High
*22/*49,p.N41D,p.I222V,Intermediate,0.1483203,0.8516797,High
*22/*51,p.N41D,p.I284V,Intermediate,0.09358026,0.90641975,High
*22/*58,p.N41D,p.P337T,Intermediate,0.08262327,0.91737676,High
*22/*61,p.N41D,"p.R144C , p.N457S",Intermediate,0.09575364,0.90424633,High
*22/*63,p.N41D,p.R144H,Intermediate,0.0808662,0.9191338,High
*22/*65,p.N41D,p.E326D,Intermediate,0.088314764,0.9116852,High
*22/*69,p.N41D,p.D191G,Intermediate,0.13415013,0.86584985,High
*22/*72,p.N41D,p.A149V,Intermediate,0.09036805,0.90963197,High
*22/*75,p.N41D,p.N418T,Intermediate,0.10325772,0.8967423,High
*23/*27,p.V76M,p.R150H; p.R150L,Intermediate,0.0649454,0.9350546,High
*23/*32,p.V76M,p.V490F,Intermediate,0.13951051,0.8604895,High
*23/*34,p.V76M,p.R132Q,Poor,0.9064963,0.09350371,High
*23/*36,p.V76M,"p.M1V , p.D360E",Intermediate,0.11505447,0.8849455,High
*23/*47,p.V76M,p.P163L,Intermediate,0.064144365,0.9358556,High
*23/*48,p.V76M,p.I207T,Intermediate,0.094446704,0.9055533,High
*23/*49,p.V76M,p.I222V,Intermediate,0.074126184,0.9258738,High
*23/*51,p.V76M,p.I284V,Intermediate,0.0778519,0.9221481,High
*23/*53,p.V76M,p.P317S,Intermediate,0.1407207,0.8592793,High
*23/*56,p.V76M,p.I387V,Intermediate,0.09934287,0.9006571,High
*23/*58,p.V76M,p.P337T,Intermediate,0.05071263,0.94928735,High
*23/*62,p.V76M,p.R125C,Poor,0.9237167,0.076283276,High
*23/*63,p.V76M,p.R144H,Intermediate,0.0776896,0.9223104,High
*23/*65,p.V76M,p.E326D,Intermediate,0.074561566,0.9254384,High
*23/*66,p.V76M,p.L362V,Intermediate,0.10966449,0.8903355,High
*23/*67,p.V76M,p.R433W,Poor,0.85574126,0.14425874,High
*23/*72,p.V76M,p.A149V,Intermediate,0.07084484,0.9291552,High
*23/*75,p.V76M,p.N418T,Intermediate,0.0679462,0.9320538,High
*24/*27,p.E354K,p.R150H; p.R150L,Poor,0.9192575,0.08074248,High
*24/*32,p.E354K,p.V490F,Poor,0.943413,0.05658698,High
*24/*34,p.E354K,p.R132Q,Poor,0.98585504,0.014144957,High
*24/*36,p.E354K,"p.M1V , p.D360E",Poor,0.8895853,0.110414684,High
*24/*40,p.E354K,p.F110S,Poor,0.9699772,0.0300228,High
*24/*41,p.E354K,p.K119R,Poor,0.9533978,0.04660219,High
*24/*47,p.E354K,p.P163L,Poor,0.8668818,0.13311821,High
*24/*48,p.E354K,p.I207T,Poor,0.9281335,0.07186651,High
*24/*49,p.E354K,p.I222V,Poor,0.92947495,0.07052505,High
*24/*51,p.E354K,p.I284V,Poor,0.8877589,0.11224109,High
*24/*53,p.E354K,p.P317S,Poor,0.93873245,0.061267555,High
*24/*54,p.E354K,p.S343R,Poor,0.9544015,0.045598507,High
*24/*56,p.E354K,p.I387V,Poor,0.9372204,0.062779605,High
*24/*57,p.E354K,p.N204H,Poor,0.97253203,0.027467966,High
*24/*58,p.E354K,p.P337T,Poor,0.89636075,0.103639245,High
*24/*60,p.E354K,p.L467P,Poor,0.9497928,0.050207198,High
*24/*62,p.E354K,p.R125C,Poor,0.98222697,0.017773032,High
*24/*63,p.E354K,p.R144H,Poor,0.851495,0.14850497,High
*24/*64,p.E354K,p.S280C,Poor,0.9353297,0.064670324,High
*24/*65,p.E354K,p.E326D,Poor,0.86102486,0.13897514,High
*24/*66,p.E354K,p.L362V,Poor,0.9372204,0.062779605,High
*24/*67,p.E354K,p.R433W,Poor,0.98135746,0.018642545,High
*24/*69,p.E354K,p.D191G,Poor,0.931182,0.06881797,High
*24/*70,p.E354K,p.G442V,Poor,0.9418696,0.058130383,High
*24/*71,p.E354K,"p.E272G , p.P489S",Poor,0.9616208,0.038379192,High
*24/*73,p.E354K,p.R150C,Poor,0.95270115,0.04729885,High
*24/*74,p.E354K,p.Q214H,Poor,0.94674325,0.05325675,High
*24/*75,p.E354K,p.N418T,Poor,0.90746665,0.09253335,High
*26/*27,p.T130R; p.T130M,p.R150H; p.R150L,Intermediate,0.097873695,0.9021263,High
*26/*36,p.T130R; p.T130M,"p.M1V , p.D360E",Intermediate,0.09949693,0.90050304,High
*26/*47,p.T130R; p.T130M,p.P163L,Intermediate,0.06337848,0.93662155,High
*26/*49,p.T130R; p.T130M,p.I222V,Intermediate,0.10869273,0.8913073,High
*26/*51,p.T130R; p.T130M,p.I284V,Intermediate,0.057289418,0.9427106,High
*26/*58,p.T130R; p.T130M,p.P337T,Intermediate,0.08300736,0.91699266,High
*26/*62,p.T130R; p.T130M,p.R125C,Poor,0.8876434,0.1123566,High
*26/*63,p.T130R; p.T130M,p.R144H,Intermediate,0.063647,0.93635297,High
*26/*65,p.T130R; p.T130M,p.E326D,Intermediate,0.042573303,0.95742667,High
*26/*69,p.T130R; p.T130M,p.D191G,Intermediate,0.13278383,0.86721617,High
*26/*72,p.T130R; p.T130M,p.A149V,Intermediate,0.060162827,0.93983716,High
*26/*75,p.T130R; p.T130M,p.N418T,Intermediate,0.106941536,0.8930585,High
*27/*27,p.R150H; p.R150L,p.R150H; p.R150L,Intermediate,0.040339377,0.95966065,High
*27/*28,p.R150H; p.R150L,p.Q214L,Intermediate,0.06706685,0.93293315,High
*27/*29,p.R150H; p.R150L,p.P279T,Intermediate,0.03890307,0.96109694,High
*27/*30,p.R150H; p.R150L,p.A477T,Intermediate,0.06290089,0.9370991,High
*27/*31,p.R150H; p.R150L,p.I327T,Intermediate,0.03322641,0.96677357,High
*27/*32,p.R150H; p.R150L,p.V490F,Intermediate,0.07865081,0.92134917,High
*27/*36,p.R150H; p.R150L,"p.M1V , p.D360E",Intermediate,0.08133043,0.9186696,High
*27/*38,p.R150H; p.R150L,p.G96A,Intermediate,0.07482513,0.9251749,High
*27/*43,p.R150H; p.R150L,p.R124W,Poor,0.88802505,0.111974955,High
*27/*44,p.R150H; p.R150L,p.T130R; p.T130M,Intermediate,0.096764,0.90323603,High
*27/*46,p.R150H; p.R150L,p.A149T,Intermediate,0.040071648,0.95992833,High
*27/*47,p.R150H; p.R150L,p.P163L,Intermediate,0.038666062,0.96133393,High
*27/*48,p.R150H; p.R150L,p.I207T,Intermediate,0.057302423,0.9426976,High
*27/*49,p.R150H; p.R150L,p.I222V,Intermediate,0.04966829,0.9503317,High
*27/*50,p.R150H; p.R150L,p.P227S,Intermediate,0.08272104,0.91727895,High
*27/*51,p.R150H; p.R150L,p.I284V,Intermediate,0.047418807,0.95258117,High
*27/*53,p.R150H; p.R150L,p.P317S,Intermediate,0.10236925,0.89763075,High
*27/*55,p.R150H; p.R150L,p.L361I,Intermediate,0.054561283,0.94543874,High
*27/*56,p.R150H; p.R150L,p.I387V,Intermediate,0.064147554,0.93585247,High
*27/*58,p.R150H; p.R150L,p.P337T,Intermediate,0.032929733,0.9670703,High
*27/*63,p.R150H; p.R150L,p.R144H,Intermediate,0.04236047,0.9576395,High
*27/*64,p.R150H; p.R150L,p.S280C,Intermediate,0.1152745,0.8847255,High
*27/*65,p.R150H; p.R150L,p.E326D,Intermediate,0.039799307,0.96020067,High
*27/*66,p.R150H; p.R150L,p.L362V,Intermediate,0.0711011,0.92889893,High
*27/*72,p.R150H; p.R150L,p.A149V,Intermediate,0.03840354,0.9615965,High
*27/*75,p.R150H; p.R150L,p.N418T,Intermediate,0.044402834,0.95559716,High
*28/*32,p.Q214L,p.V490F,Intermediate,0.06997096,0.93002903,High
*28/*34,p.Q214L,p.R132Q,Poor,0.9360609,0.063939095,High
*28/*36,p.Q214L,"p.M1V , p.D360E",Intermediate,0.098148696,0.9018513,High
*28/*47,p.Q214L,p.P163L,Intermediate,0.0413626,0.9586374,High
*28/*48,p.Q214L,p.I207T,Intermediate,0.07764072,0.9223593,High
*28/*49,p.Q214L,p.I222V,Intermediate,0.05851132,0.9414887,High
*28/*51,p.Q214L,p.I284V,Intermediate,0.043224797,0.9567752,High
*28/*53,p.Q214L,p.P317S,Intermediate,0.11315122,0.8868488,High
*28/*56,p.Q214L,p.I387V,Intermediate,0.05974303,0.94025695,High
*28/*58,p.Q214L,p.P337T,Intermediate,0.04745365,0.95254636,High
*28/*62,p.Q214L,p.R125C,Poor,0.9668879,0.03311211,High
*28/*63,p.Q214L,p.R144H,Intermediate,0.052596558,0.94740343,High
*28/*64,p.Q214L,p.S280C,Intermediate,0.14230826,0.85769176,High
*28/*65,p.Q214L,p.E326D,Intermediate,0.039920963,0.960079,High
*28/*66,p.Q214L,p.L362V,Intermediate,0.05974303,0.94025695,High
*28/*67,p.Q214L,p.R433W,Poor,0.9248785,0.07512152,High
*28/*72,p.Q214L,p.A149V,Intermediate,0.047780816,0.9522192,High
*28/*75,p.Q214L,p.N418T,Intermediate,0.05656064,0.94343936,High
*29/*32,p.P279T,p.V490F,Intermediate,0.06322609,0.9367739,High
*29/*34,p.P279T,p.R132Q,Poor,0.9259168,0.07408321,High
*29/*36,p.P279T,"p.M1V , p.D360E",Intermediate,0.076126225,0.9238738,High
*29/*47,p.P279T,p.P163L,Intermediate,0.02960644,0.97039354,High
*29/*48,p.P279T,p.I207T,Intermediate,0.054100662,0.94589937,High
*29/*49,p.P279T,p.I222V,Intermediate,0.043714587,0.9562854,High
*29/*51,p.P279T,p.I284V,Intermediate,0.03928553,0.96071446,High
*29/*53,p.P279T,p.P317S,Intermediate,0.1027036,0.8972964,High
*29/*56,p.P279T,p.I387V,Intermediate,0.05011997,0.94988,High
*29/*58,p.P279T,p.P337T,Intermediate,0.034944206,0.9650558,High
*29/*62,p.P279T,p.R125C,Poor,0.9596516,0.04034841,High
*29/*63,p.P279T,p.R144H,Intermediate,0.03762987,0.96237016,High
*29/*64,p.P279T,p.S280C,Intermediate,0.1241484,0.87585163,High
*29/*65,p.P279T,p.E326D,Intermediate,0.038873035,0.961127,High
*29/*66,p.P279T,p.L362V,Intermediate,0.05011997,0.94988,High
*29/*67,p.P279T,p.R433W,Poor,0.9125417,0.08745831,High
*29/*72,p.P279T,p.A149V,Intermediate,0.03365612,0.9663439,High
*29/*75,p.P279T,p.N418T,Intermediate,0.044279303,0.9557207,High
*30/*32,p.A477T,p.V490F,Intermediate,0.07417457,0.9258254,High
*30/*34,p.A477T,p.R132Q,Poor,0.93164617,0.06835383,High
*30/*36,p.A477T,"p.M1V , p.D360E",Intermediate,0.10141548,0.89858454,High
*30/*47,p.A477T,p.P163L,Intermediate,0.03531641,0.9646836,High
*30/*48,p.A477T,p.I207T,Intermediate,0.058576826,0.9414232,High
*30/*49,p.A477T,p.I222V,Intermediate,0.056823686,0.9431763,High
*30/*51,p.A477T,p.I284V,Intermediate,0.04634278,0.9536572,High
*30/*53,p.A477T,p.P317S,Intermediate,0.09680455,0.90319544,High
*30/*56,p.A477T,p.I387V,Intermediate,0.06091111,0.9390889,High
*30/*58,p.A477T,p.P337T,Intermediate,0.044715676,0.9552843,High
*30/*62,p.A477T,p.R125C,Poor,0.9586804,0.04131961,High
*30/*63,p.A477T,p.R144H,Intermediate,0.054345112,0.94565487,High
*30/*64,p.A477T,p.S280C,Intermediate,0.12806989,0.8719301,High
*30/*65,p.A477T,p.E326D,Intermediate,0.046855133,0.95314485,High
*30/*66,p.A477T,p.L362V,Intermediate,0.06091111,0.9390889,High
*30/*67,p.A477T,p.R433W,Poor,0.92660683,0.073393166,High
*30/*72,p.A477T,p.A149V,Intermediate,0.038057517,0.9619425,High
*30/*75,p.A477T,p.N418T,Intermediate,0.05423165,0.94576836,High
*31/*32,p.I327T,p.V490F,Intermediate,0.0669103,0.93308973,High
*31/*36,p.I327T,"p.M1V , p.D360E",Intermediate,0.07101847,0.92898154,High
*31/*47,p.I327T,p.P163L,Intermediate,0.03792218,0.9620778,High
*31/*48,p.I327T,p.I207T,Intermediate,0.05544886,0.9445511,High
*31/*49,p.I327T,p.I222V,Intermediate,0.03605919,0.9639408,High
*31/*51,p.I327T,p.I284V,Intermediate,0.03157219,0.96842784,High
*31/*53,p.I327T,p.P317S,Intermediate,0.1087201,0.8912799,High
*31/*56,p.I327T,p.I387V,Intermediate,0.05245859,0.9475414,High
*31/*58,p.I327T,p.P337T,Intermediate,0.043391343,0.95660865,High
*31/*62,p.I327T,p.R125C,Poor,0.89487976,0.10512024,High
*31/*63,p.I327T,p.R144H,Intermediate,0.03032106,0.96967894,High
*31/*64,p.I327T,p.S280C,Intermediate,0.12643197,0.87356806,High
*31/*65,p.I327T,p.E326D,Intermediate,0.035385396,0.9646146,High
*31/*66,p.I327T,p.L362V,Intermediate,0.05245859,0.9475414,High
*31/*69,p.I327T,p.D191G,Intermediate,0.13277927,0.86722076,High
*31/*72,p.I327T,p.A149V,Intermediate,0.035396423,0.9646036,High
*31/*75,p.I327T,p.N418T,Intermediate,0.056654543,0.9433454,High
*32/*32,p.V490F,p.V490F,Intermediate,0.09822962,0.90177035,High
*32/*33,p.V490F,p.R132Q,Poor,0.9329464,0.067053616,High
*32/*34,p.V490F,p.R132Q,Poor,0.9329464,0.067053616,High
*32/*36,p.V490F,"p.M1V , p.D360E",Intermediate,0.14511466,0.85488534,High
*32/*38,p.V490F,p.G96A,Intermediate,0.11641257,0.8835874,High
*32/*39,p.V490F,p.G98V,Poor,0.94510657,0.054893434,High
*32/*42,p.V490F,p.R124Q,Poor,0.94189274,0.058107257,High
*32/*43,p.V490F,p.R124W,Poor,0.97192353,0.02807647,High
*32/*44,p.V490F,p.T130R; p.T130M,Intermediate,0.1344043,0.8655957,High
*32/*45,p.V490F,p.R132W,Poor,0.9075237,0.09247631,High
*32/*46,p.V490F,p.A149T,Intermediate,0.064634934,0.9353651,High
*32/*47,p.V490F,p.P163L,Intermediate,0.048181307,0.9518187,High
*32/*48,p.V490F,p.I207T,Intermediate,0.063587874,0.9364121,High
*32/*49,p.V490F,p.I222V,Intermediate,0.07678716,0.9232128,High
*32/*50,p.V490F,p.P227S,Intermediate,0.10245648,0.89754355,High
*32/*51,p.V490F,p.I284V,Intermediate,0.0664936,0.93350637,High
*32/*52,p.V490F,p.T299R,Poor,0.8761767,0.123823285,High
*32/*53,p.V490F,p.P317S,Intermediate,0.11951447,0.88048553,High
*32/*55,p.V490F,p.L361I,Intermediate,0.10158413,0.89841586,High
*32/*56,p.V490F,p.I387V,Intermediate,0.08104123,0.9189588,High
*32/*58,p.V490F,p.P337T,Intermediate,0.048931003,0.951069,High
*32/*62,p.V490F,p.R125C,Poor,0.9583126,0.04168743,High
*32/*63,p.V490F,p.R144H,Intermediate,0.06826554,0.93173444,High
*32/*64,p.V490F,p.S280C,Intermediate,0.14929016,0.85070986,High
*32/*65,p.V490F,p.E326D,Intermediate,0.053250372,0.9467496,High
*32/*66,p.V490F,p.L362V,Intermediate,0.08104123,0.9189588,High
*32/*67,p.V490F,p.R433W,Poor,0.92247015,0.07752985,High
*32/*72,p.V490F,p.A149V,Intermediate,0.07112551,0.9288745,High
*32/*75,p.V490F,p.N418T,Intermediate,0.06948658,0.93051344,High
*33/*34,p.R132Q,p.R132Q,Poor,0.9828705,0.01712948,High
*33/*36,p.R132Q,"p.M1V , p.D360E",Poor,0.9077251,0.092274904,High
*33/*40,p.R132Q,p.F110S,Poor,0.9764056,0.02359438,High
*33/*41,p.R132Q,p.K119R,Poor,0.9640775,0.035922527,High
*33/*47,p.R132Q,p.P163L,Poor,0.86085635,0.13914365,High
*33/*48,p.R132Q,p.I207T,Poor,0.92364097,0.07635903,High
*33/*49,p.R132Q,p.I222V,Poor,0.93582875,0.064171255,High
*33/*51,p.R132Q,p.I284V,Poor,0.9033621,0.096637905,High
*33/*53,p.R132Q,p.P317S,Poor,0.93371993,0.06628007,High
*33/*54,p.R132Q,p.S343R,Poor,0.94889086,0.051109135,High
*33/*56,p.R132Q,p.I387V,Poor,0.92457783,0.07542217,High
*33/*57,p.R132Q,p.N204H,Poor,0.97450113,0.025498867,High
*33/*58,p.R132Q,p.P337T,Poor,0.88575524,0.11424476,High
*33/*60,p.R132Q,p.L467P,Poor,0.94525456,0.054745436,High
*33/*62,p.R132Q,p.R125C,Poor,0.98447824,0.015521765,High
*33/*63,p.R132Q,p.R144H,Poor,0.8735106,0.1264894,High
*33/*64,p.R132Q,p.S280C,Poor,0.9375867,0.062413275,High
*33/*65,p.R132Q,p.E326D,Poor,0.87464535,0.12535465,High
*33/*66,p.R132Q,p.L362V,Poor,0.92457783,0.07542217,High
*33/*67,p.R132Q,p.R433W,Poor,0.97972083,0.02027917,High
*33/*69,p.R132Q,p.D191G,Poor,0.9254124,0.07458758,High
*33/*70,p.R132Q,p.G442V,Poor,0.9330213,0.06697869,High
*33/*71,p.R132Q,"p.E272G , p.P489S",Poor,0.955933,0.044067025,High
*33/*72,p.R132Q,p.A149V,Poor,0.9056397,0.09436029,High
*33/*73,p.R132Q,p.R150C,Poor,0.94647044,0.05352956,High
*33/*74,p.R132Q,p.Q214H,Poor,0.9461329,0.0538671,High
*33/*75,p.R132Q,p.N418T,Poor,0.9153532,0.08464682,High
*34/*34,p.R132Q,p.R132Q,Poor,0.9828705,0.01712948,High
*34/*35,p.R132Q,"p.R125H; p.R125L , p.R144C",Poor,0.9475036,0.052496374,High
*34/*36,p.R132Q,"p.M1V , p.D360E",Poor,0.9077251,0.092274904,High
*34/*37,p.R132Q,p.D49G,Poor,0.91251725,0.08748275,High
*34/*38,p.R132Q,p.G96A,Poor,0.913954,0.08604598,High
*34/*39,p.R132Q,p.G98V,Poor,0.9870591,0.012940884,High
*34/*40,p.R132Q,p.F110S,Poor,0.9764056,0.02359438,High
*34/*41,p.R132Q,p.K119R,Poor,0.9640775,0.035922527,High
*34/*42,p.R132Q,p.R124Q,Poor,0.98842853,0.011571467,High
*34/*43,p.R132Q,p.R124W,Poor,0.98981935,0.010180652,High
*34/*44,p.R132Q,p.T130R; p.T130M,Poor,0.87385046,0.12614954,High
*34/*45,p.R132Q,p.R132W,Poor,0.9874287,0.012571275,High
*34/*46,p.R132Q,p.A149T,Poor,0.9104597,0.0895403,High
*34/*47,p.R132Q,p.P163L,Poor,0.86085635,0.13914365,High
*34/*48,p.R132Q,p.I207T,Poor,0.92364097,0.07635903,High
*34/*49,p.R132Q,p.I222V,Poor,0.93582875,0.064171255,High
*34/*50,p.R132Q,p.P227S,Poor,0.94720215,0.052797854,High
*34/*51,p.R132Q,p.I284V,Poor,0.9033621,0.096637905,High
*34/*52,p.R132Q,p.T299R,Poor,0.981423,0.01857698,High
*34/*53,p.R132Q,p.P317S,Poor,0.93371993,0.06628007,High
*34/*54,p.R132Q,p.S343R,Poor,0.94889086,0.051109135,High
*34/*55,p.R132Q,p.L361I,Poor,0.93767726,0.062322736,High
*34/*56,p.R132Q,p.I387V,Poor,0.92457783,0.07542217,High
*34/*57,p.R132Q,p.N204H,Poor,0.97450113,0.025498867,High
*34/*58,p.R132Q,p.P337T,Poor,0.88575524,0.11424476,High
*34/*60,p.R132Q,p.L467P,Poor,0.94525456,0.054745436,High
*34/*62,p.R132Q,p.R125C,Poor,0.98447824,0.015521765,High
*34/*63,p.R132Q,p.R144H,Poor,0.8735106,0.1264894,High
*34/*64,p.R132Q,p.S280C,Poor,0.9375867,0.062413275,High
*34/*65,p.R132Q,p.E326D,Poor,0.87464535,0.12535465,High
*34/*66,p.R132Q,p.L362V,Poor,0.92457783,0.07542217,High
*34/*67,p.R132Q,p.R433W,Poor,0.97972083,0.02027917,High
*34/*69,p.R132Q,p.D191G,Poor,0.9254124,0.07458758,High
*34/*70,p.R132Q,p.G442V,Poor,0.9330213,0.06697869,High
*34/*71,p.R132Q,"p.E272G , p.P489S",Poor,0.955933,0.044067025,High
*34/*72,p.R132Q,p.A149V,Poor,0.9056397,0.09436029,High
*34/*73,p.R132Q,p.R150C,Poor,0.94647044,0.05352956,High
*34/*74,p.R132Q,p.Q214H,Poor,0.9461329,0.0538671,High
*34/*75,p.R132Q,p.N418T,Poor,0.9153532,0.08464682,High
*35/*57,"p.R125H; p.R125L , p.R144C",p.N204H,Poor,0.88404375,0.11595625,High
*35/*62,"p.R125H; p.R125L , p.R144C",p.R125C,Poor,0.89083403,0.10916597,High
*35/*67,"p.R125H; p.R125L , p.R144C",p.R433W,Poor,0.8501285,0.14987153,High
*36/*36,"p.M1V , p.D360E","p.M1V , p.D360E",Intermediate,0.07122641,0.9287736,High
*36/*37,"p.M1V , p.D360E",p.D49G,Intermediate,0.11122016,0.8887798,High
*36/*38,"p.M1V , p.D360E",p.G96A,Intermediate,0.06894392,0.9310561,High
*36/*44,"p.M1V , p.D360E",p.T130R; p.T130M,Intermediate,0.08106666,0.91893333,High
*36/*46,"p.M1V , p.D360E",p.A149T,Intermediate,0.06316422,0.93683577,High
*36/*47,"p.M1V , p.D360E",p.P163L,Intermediate,0.05943241,0.9405676,High
*36/*48,"p.M1V , p.D360E",p.I207T,Intermediate,0.096440375,0.9035596,High
*36/*49,"p.M1V , p.D360E",p.I222V,Intermediate,0.06889297,0.93110704,High
*36/*50,"p.M1V , p.D360E",p.P227S,Intermediate,0.11074148,0.8892585,High
*36/*51,"p.M1V , p.D360E",p.I284V,Intermediate,0.062795416,0.9372046,High
*36/*53,"p.M1V , p.D360E",p.P317S,Intermediate,0.13217552,0.8678245,High
*36/*55,"p.M1V , p.D360E",p.L361I,Intermediate,0.08305917,0.9169408,High
*36/*56,"p.M1V , p.D360E",p.I387V,Intermediate,0.10640396,0.89359605,High
*36/*58,"p.M1V , p.D360E",p.P337T,Intermediate,0.052363936,0.94763607,High
*36/*61,"p.M1V , p.D360E","p.R144C , p.N457S",Intermediate,0.0893806,0.9106194,High
*36/*63,"p.M1V , p.D360E",p.R144H,Intermediate,0.054436885,0.94556314,High
*36/*64,"p.M1V , p.D360E",p.S280C,Intermediate,0.1362043,0.8637957,High
*36/*65,"p.M1V , p.D360E",p.E326D,Intermediate,0.0605173,0.9394827,High
*36/*66,"p.M1V , p.D360E",p.L362V,Intermediate,0.112325564,0.88767445,High
*36/*69,"p.M1V , p.D360E",p.D191G,Intermediate,0.12398132,0.8760187,High
*36/*72,"p.M1V , p.D360E",p.A149V,Intermediate,0.06230823,0.93769175,High
*36/*75,"p.M1V , p.D360E",p.N418T,Intermediate,0.06598489,0.9340151,High
*37/*47,p.D49G,p.P163L,Intermediate,0.06708172,0.9329183,High
*37/*51,p.D49G,p.I284V,Intermediate,0.079968296,0.9200317,High
*37/*58,p.D49G,p.P337T,Intermediate,0.08107979,0.9189202,High
*37/*62,p.D49G,p.R125C,Poor,0.9046367,0.09536332,High
*37/*63,p.D49G,p.R144H,Intermediate,0.06770194,0.93229806,High
*37/*65,p.D49G,p.E326D,Intermediate,0.08835581,0.9116442,High
*37/*72,p.D49G,p.A149V,Intermediate,0.07598927,0.92401075,High
*37/*75,p.D49G,p.N418T,Intermediate,0.11313434,0.8868657,High
*38/*47,p.G96A,p.P163L,Intermediate,0.05428514,0.94571483,High
*38/*48,p.G96A,p.I207T,Intermediate,0.08827181,0.9117282,High
*38/*49,p.G96A,p.I222V,Intermediate,0.053278554,0.94672143,High
*38/*51,p.G96A,p.I284V,Intermediate,0.046706814,0.9532932,High
*38/*53,p.G96A,p.P317S,Intermediate,0.145106,0.854894,High
*38/*56,p.G96A,p.I387V,Intermediate,0.08921577,0.91078424,High
*38/*58,p.G96A,p.P337T,Intermediate,0.05447376,0.94552624,High
*38/*62,p.G96A,p.R125C,Poor,0.89536285,0.104637146,High
*38/*63,p.G96A,p.R144H,Intermediate,0.056105763,0.94389427,High
*38/*64,p.G96A,p.S280C,Intermediate,0.14998704,0.85001296,High
*38/*65,p.G96A,p.E326D,Intermediate,0.046573874,0.9534261,High
*38/*66,p.G96A,p.L362V,Intermediate,0.09161629,0.9083837,High
*38/*72,p.G96A,p.A149V,Intermediate,0.05660438,0.9433956,High
*38/*75,p.G96A,p.N418T,Intermediate,0.06414622,0.9358538,High
*39/*40,p.G98V,p.F110S,Poor,0.95821327,0.04178673,High
*39/*41,p.G98V,p.K119R,Poor,0.9361246,0.06387538,High
*39/*47,p.G98V,p.P163L,Poor,0.86927915,0.13072085,High
*39/*48,p.G98V,p.I207T,Poor,0.90053105,0.09946895,High
*39/*49,p.G98V,p.I222V,Poor,0.8668882,0.13311177,High
*39/*53,p.G98V,p.P317S,Poor,0.893348,0.10665202,High
*39/*54,p.G98V,p.S343R,Poor,0.97241783,0.027582169,High
*39/*56,p.G98V,p.I387V,Poor,0.87004966,0.12995034,High
*39/*57,p.G98V,p.N204H,Poor,0.9865888,0.013411224,High
*39/*58,p.G98V,p.P337T,Poor,0.86878794,0.13121206,High
*39/*60,p.G98V,p.L467P,Poor,0.91440374,0.08559626,High
*39/*62,p.G98V,p.R125C,Poor,0.98665524,0.013344765,High
*39/*63,p.G98V,p.R144H,Poor,0.8877229,0.11227709,High
*39/*64,p.G98V,p.S280C,Poor,0.9115777,0.0884223,High
*39/*65,p.G98V,p.E326D,Poor,0.8710423,0.12895769,High
*39/*66,p.G98V,p.L362V,Poor,0.87004966,0.12995034,High
*39/*67,p.G98V,p.R433W,Poor,0.9816072,0.018392801,High
*39/*69,p.G98V,p.D191G,Poor,0.95698535,0.043014646,High
*39/*70,p.G98V,p.G442V,Poor,0.91440374,0.08559626,High
*39/*71,p.G98V,"p.E272G , p.P489S",Poor,0.9688477,0.031152308,High
*39/*72,p.G98V,p.A149V,Poor,0.9014261,0.09857392,High
*39/*73,p.G98V,p.R150C,Poor,0.97355723,0.026442766,High
*39/*74,p.G98V,p.Q214H,Poor,0.9683519,0.0316481,High
*39/*75,p.G98V,p.N418T,Poor,0.88929653,0.11070347,High
*40/*42,p.F110S,p.R124Q,Poor,0.96543926,0.03456074,High
*40/*43,p.F110S,p.R124W,Poor,0.98250085,0.017499149,High
*40/*45,p.F110S,p.R132W,Poor,0.9828818,0.017118216,High
*40/*52,p.F110S,p.T299R,Poor,0.9648402,0.035159826,High
*40/*54,p.F110S,p.S343R,Poor,0.9316912,0.06830877,High
*40/*57,p.F110S,p.N204H,Poor,0.9517962,0.048203826,High
*40/*62,p.F110S,p.R125C,Poor,0.97471607,0.025283933,High
*40/*67,p.F110S,p.R433W,Poor,0.9760394,0.02396059,High
*40/*71,p.F110S,"p.E272G , p.P489S",Poor,0.93866867,0.06133133,High
*40/*73,p.F110S,p.R150C,Poor,0.94700456,0.052995443,High
*40/*74,p.F110S,p.Q214H,Poor,0.894199,0.10580099,High
*41/*42,p.K119R,p.R124Q,Poor,0.92865545,0.071344554,High
*41/*43,p.K119R,p.R124W,Poor,0.9727746,0.027225375,High
*41/*45,p.K119R,p.R132W,Poor,0.9664564,0.033543587,High
*41/*52,p.K119R,p.T299R,Poor,0.9449724,0.055027604,High
*41/*54,p.K119R,p.S343R,Poor,0.8824026,0.1175974,High
*41/*57,p.K119R,p.N204H,Poor,0.9188182,0.081181824,High
*41/*62,p.K119R,p.R125C,Poor,0.960636,0.03936398,High
*41/*67,p.K119R,p.R433W,Poor,0.9557001,0.0442999,High
*41/*71,p.K119R,"p.E272G , p.P489S",Poor,0.91017777,0.08982223,High
*41/*73,p.K119R,p.R150C,Poor,0.90579486,0.09420514,High
*42/*48,p.R124Q,p.I207T,Poor,0.85332483,0.14667517,High
*42/*53,p.R124Q,p.P317S,Poor,0.8923785,0.10762149,High
*42/*54,p.R124Q,p.S343R,Poor,0.94499457,0.05500543,High
*42/*57,p.R124Q,p.N204H,Poor,0.9566124,0.04338759,High
*42/*60,p.R124Q,p.L467P,Poor,0.95085937,0.049140632,High
*42/*62,p.R124Q,p.R125C,Poor,0.97915065,0.020849347,High
*42/*64,p.R124Q,p.S280C,Poor,0.9142593,0.085740685,High
*42/*67,p.R124Q,p.R433W,Poor,0.9795267,0.020473301,High
*42/*70,p.R124Q,p.G442V,Poor,0.9397988,0.060201228,High
*42/*71,p.R124Q,"p.E272G , p.P489S",Poor,0.9564861,0.043513894,High
*42/*73,p.R124Q,p.R150C,Poor,0.957415,0.042585015,High
*42/*74,p.R124Q,p.Q214H,Poor,0.9077908,0.09220922,High
*43/*47,p.R124W,p.P163L,Poor,0.90294117,0.09705883,High
*43/*48,p.R124W,p.I207T,Poor,0.9573923,0.042607725,High
*43/*49,p.R124W,p.I222V,Poor,0.95766795,0.042332053,High
*43/*51,p.R124W,p.I284V,Poor,0.91934603,0.080653965,High
*43/*53,p.R124W,p.P317S,Poor,0.95912755,0.040872455,High
*43/*54,p.R124W,p.S343R,Poor,0.96791595,0.032084048,High
*43/*56,p.R124W,p.I387V,Poor,0.9539349,0.046065092,High
*43/*57,p.R124W,p.N204H,Poor,0.9850235,0.014976501,High
*43/*58,p.R124W,p.P337T,Poor,0.9329439,0.06705612,High
*43/*59,p.R124W,p.I434F,Poor,0.8779149,0.122085094,High
*43/*60,p.R124W,p.L467P,Poor,0.95722926,0.042770743,High
*43/*62,p.R124W,p.R125C,Poor,0.98563796,0.014362037,High
*43/*63,p.R124W,p.R144H,Poor,0.905942,0.09405798,High
*43/*64,p.R124W,p.S280C,Poor,0.962237,0.037763,High
*43/*65,p.R124W,p.E326D,Poor,0.9045469,0.09545308,High
*43/*66,p.R124W,p.L362V,Poor,0.9539349,0.046065092,High
*43/*67,p.R124W,p.R433W,Poor,0.98591125,0.01408875,High
*43/*69,p.R124W,p.D191G,Poor,0.95502335,0.04497665,High
*43/*70,p.R124W,p.G442V,Poor,0.9555207,0.04447931,High
*43/*71,p.R124W,"p.E272G , p.P489S",Poor,0.96455747,0.03544253,High
*43/*72,p.R124W,p.A149V,Poor,0.929127,0.07087302,High
*43/*73,p.R124W,p.R150C,Poor,0.9693197,0.030680299,High
*43/*74,p.R124W,p.Q214H,Poor,0.96541625,0.034583747,High
*43/*75,p.R124W,p.N418T,Poor,0.9442813,0.05571872,High
*44/*47,p.T130R; p.T130M,p.P163L,Intermediate,0.06337848,0.93662155,High
*44/*49,p.T130R; p.T130M,p.I222V,Intermediate,0.10869273,0.8913073,High
*44/*51,p.T130R; p.T130M,p.I284V,Intermediate,0.057289418,0.9427106,High
*44/*58,p.T130R; p.T130M,p.P337T,Intermediate,0.08300736,0.91699266,High
*44/*62,p.T130R; p.T130M,p.R125C,Poor,0.8876434,0.1123566,High
*44/*63,p.T130R; p.T130M,p.R144H,Intermediate,0.063647,0.93635297,High
*44/*65,p.T130R; p.T130M,p.E326D,Intermediate,0.042573303,0.95742667,High
*44/*69,p.T130R; p.T130M,p.D191G,Intermediate,0.13278383,0.86721617,High
*44/*72,p.T130R; p.T130M,p.A149V,Intermediate,0.060162827,0.93983716,High
*44/*75,p.T130R; p.T130M,p.N418T,Intermediate,0.106941536,0.8930585,High
*45/*54,p.R132W,p.S343R,Poor,0.8659221,0.1340779,High
*45/*57,p.R132W,p.N204H,Poor,0.91448665,0.08551335,High
*45/*60,p.R132W,p.L467P,Poor,0.90214217,0.09785783,High
*45/*62,p.R132W,p.R125C,Poor,0.9867495,0.01325053,High
*45/*67,p.R132W,p.R433W,Poor,0.9554799,0.04452008,High
*45/*70,p.R132W,p.G442V,Poor,0.8984665,0.10153347,High
*45/*71,p.R132W,"p.E272G , p.P489S",Poor,0.923021,0.07697898,High
*45/*73,p.R132W,p.R150C,Poor,0.92313987,0.07686013,High
*46/*47,p.A149T,p.P163L,Intermediate,0.028407793,0.9715922,High
*46/*48,p.A149T,p.I207T,Intermediate,0.050489396,0.9495106,High
*46/*49,p.A149T,p.I222V,Intermediate,0.02915521,0.9708448,High
*46/*51,p.A149T,p.I284V,Intermediate,0.027397728,0.97260225,High
*46/*53,p.A149T,p.P317S,Intermediate,0.08483303,0.915167,High
*46/*56,p.A149T,p.I387V,Intermediate,0.04386084,0.95613915,High
*46/*58,p.A149T,p.P337T,Intermediate,0.028377403,0.9716226,High
*46/*59,p.A149T,p.I434F,Intermediate,0.0950868,0.9049132,High
*46/*63,p.A149T,p.R144H,Intermediate,0.024214054,0.975786,High
*46/*64,p.A149T,p.S280C,Intermediate,0.091477446,0.90852255,High
*46/*65,p.A149T,p.E326D,Intermediate,0.023816984,0.976183,High
*46/*66,p.A149T,p.L362V,Intermediate,0.04648285,0.95351714,High
*46/*69,p.A149T,p.D191G,Intermediate,0.09924024,0.90075976,High
*46/*72,p.A149T,p.A149V,Intermediate,0.025917085,0.9740829,High
*46/*74,p.A149T,p.Q214H,Intermediate,0.14449959,0.8555004,High
*46/*75,p.A149T,p.N418T,Intermediate,0.03358071,0.9664193,High
*47/*47,p.P163L,p.P163L,Intermediate,0.03548238,0.9645176,High
*47/*48,p.P163L,p.I207T,Intermediate,0.0698433,0.9301567,High
*47/*49,p.P163L,p.I222V,Intermediate,0.036727514,0.9632725,High
*47/*50,p.P163L,p.P227S,Intermediate,0.07626452,0.9237355,High
*47/*51,p.P163L,p.I284V,Intermediate,0.03014043,0.9698596,High
*47/*53,p.P163L,p.P317S,Intermediate,0.11773036,0.8822696,High
*47/*55,p.P163L,p.L361I,Intermediate,0.06635691,0.9336431,High
*47/*56,p.P163L,p.I387V,Intermediate,0.05935293,0.94064707,High
*47/*58,p.P163L,p.P337T,Intermediate,0.034453556,0.9655464,High
*47/*61,p.P163L,"p.R144C , p.N457S",Intermediate,0.1368097,0.8631903,High
*47/*62,p.P163L,p.R125C,Poor,0.8669158,0.13308418,High
*47/*63,p.P163L,p.R144H,Intermediate,0.026210519,0.97378945,High
*47/*64,p.P163L,p.S280C,Intermediate,0.12912816,0.87087184,High
*47/*65,p.P163L,p.E326D,Intermediate,0.0340012,0.96599877,High
*47/*66,p.P163L,p.L362V,Intermediate,0.05935293,0.94064707,High
*47/*69,p.P163L,p.D191G,Intermediate,0.12780415,0.87219584,High
*47/*72,p.P163L,p.A149V,Intermediate,0.034226738,0.9657733,High
*47/*75,p.P163L,p.N418T,Intermediate,0.052549742,0.9474503,High
*48/*48,p.I207T,p.I207T,Intermediate,0.06334675,0.93665326,High
*48/*49,p.I207T,p.I222V,Intermediate,0.04272002,0.95728,High
*48/*50,p.I207T,p.P227S,Intermediate,0.07758544,0.92241454,High
*48/*51,p.I207T,p.I284V,Intermediate,0.03354085,0.96645916,High
*48/*52,p.I207T,p.T299R,Poor,0.87262195,0.12737805,High
*48/*53,p.I207T,p.P317S,Intermediate,0.1033387,0.8966613,High
*48/*55,p.I207T,p.L361I,Intermediate,0.06683046,0.93316954,High
*48/*56,p.I207T,p.I387V,Intermediate,0.047479562,0.95252043,High
*48/*58,p.I207T,p.P337T,Intermediate,0.039362043,0.9606379,High
*48/*62,p.I207T,p.R125C,Poor,0.96504897,0.03495103,High
*48/*63,p.I207T,p.R144H,Intermediate,0.045783114,0.9542169,High
*48/*64,p.I207T,p.S280C,Intermediate,0.11719943,0.8828006,High
*48/*65,p.I207T,p.E326D,Intermediate,0.032956436,0.9670436,High
*48/*66,p.I207T,p.L362V,Intermediate,0.047479562,0.95252043,High
*48/*67,p.I207T,p.R433W,Poor,0.91836154,0.081638455,High
*48/*72,p.I207T,p.A149V,Intermediate,0.044628438,0.95537156,High
*48/*75,p.I207T,p.N418T,Intermediate,0.049559962,0.95044005,High
*49/*49,p.I222V,p.I222V,Intermediate,0.059227396,0.9407726,High
*49/*50,p.I222V,p.P227S,Intermediate,0.08576129,0.9142387,High
*49/*51,p.I222V,p.I284V,Intermediate,0.056842573,0.94315743,High
*49/*53,p.I222V,p.P317S,Intermediate,0.12834786,0.8716521,High
*49/*55,p.I222V,p.L361I,Intermediate,0.07882788,0.92117214,High
*49/*56,p.I222V,p.I387V,Intermediate,0.084206596,0.9157934,High
*49/*58,p.I222V,p.P337T,Intermediate,0.05402874,0.94597125,High
*49/*62,p.I222V,p.R125C,Poor,0.9394475,0.060552478,High
*49/*63,p.I222V,p.R144H,Intermediate,0.068798244,0.93120176,High
*49/*65,p.I222V,p.E326D,Intermediate,0.05851354,0.9414865,High
*49/*66,p.I222V,p.L362V,Intermediate,0.086485125,0.91351485,High
*49/*72,p.I222V,p.A149V,Intermediate,0.065024495,0.9349755,High
*49/*75,p.I222V,p.N418T,Intermediate,0.06568133,0.93431866,High
*50/*51,p.P227S,p.I284V,Intermediate,0.06587694,0.93412304,High
*50/*53,p.P227S,p.P317S,Intermediate,0.13957632,0.8604237,High
*50/*56,p.P227S,p.I387V,Intermediate,0.08470471,0.9152953,High
*50/*58,p.P227S,p.P337T,Intermediate,0.05731202,0.942688,High
*50/*62,p.P227S,p.R125C,Poor,0.9696482,0.030351818,High
*50/*63,p.P227S,p.R144H,Intermediate,0.091495894,0.9085041,High
*50/*65,p.P227S,p.E326D,Intermediate,0.054977916,0.9450221,High
*50/*66,p.P227S,p.L362V,Intermediate,0.08470471,0.9152953,High
*50/*67,p.P227S,p.R433W,Poor,0.9078506,0.09214938,High
*50/*72,p.P227S,p.A149V,Intermediate,0.0765945,0.9234055,High
*50/*75,p.P227S,p.N418T,Intermediate,0.07181277,0.92818725,High
*51/*51,p.I284V,p.I284V,Intermediate,0.030059604,0.9699404,High
*51/*53,p.I284V,p.P317S,Intermediate,0.07548906,0.92451096,High
*51/*55,p.I284V,p.L361I,Intermediate,0.042134605,0.9578654,High
*51/*56,p.I284V,p.I387V,Intermediate,0.050009876,0.94999015,High
*51/*58,p.I284V,p.P337T,Intermediate,0.03461528,0.9653847,High
*51/*59,p.I284V,p.I434F,Intermediate,0.090304926,0.9096951,High
*51/*61,p.I284V,"p.R144C , p.N457S",Intermediate,0.07798301,0.922017,High
*51/*63,p.I284V,p.R144H,Intermediate,0.028838476,0.97116154,High
*51/*64,p.I284V,p.S280C,Intermediate,0.09639393,0.90360606,High
*51/*65,p.I284V,p.E326D,Intermediate,0.029961536,0.9700385,High
*51/*66,p.I284V,p.L362V,Intermediate,0.051415034,0.948585,High
*51/*69,p.I284V,p.D191G,Intermediate,0.07564321,0.9243568,High
*51/*72,p.I284V,p.A149V,Intermediate,0.032895666,0.9671043,High
*51/*74,p.I284V,p.Q214H,Intermediate,0.12309669,0.8769033,High
*51/*75,p.I284V,p.N418T,Intermediate,0.04161186,0.95838815,High
*52/*57,p.T299R,p.N204H,Poor,0.87088907,0.12911093,High
*52/*60,p.T299R,p.L467P,Poor,0.86539906,0.13460094,High
*52/*62,p.T299R,p.R125C,Poor,0.9762481,0.023751915,High
*52/*67,p.T299R,p.R433W,Poor,0.95265234,0.047347665,High
*52/*71,p.T299R,"p.E272G , p.P489S",Poor,0.8880389,0.11196113,High
*52/*73,p.T299R,p.R150C,Poor,0.87860227,0.12139773,High
*53/*53,p.P317S,p.P317S,Intermediate,0.12632003,0.87368,High
*53/*55,p.P317S,p.L361I,Intermediate,0.12146699,0.878533,High
*53/*56,p.P317S,p.I387V,Intermediate,0.108377755,0.89162225,High
*53/*58,p.P317S,p.P337T,Intermediate,0.06725001,0.93275,High
*53/*62,p.P317S,p.R125C,Poor,0.9633554,0.036644578,High
*53/*63,p.P317S,p.R144H,Intermediate,0.0968174,0.9031826,High
*53/*65,p.P317S,p.E326D,Intermediate,0.055637427,0.9443626,High
*53/*66,p.P317S,p.L362V,Intermediate,0.108377755,0.89162225,High
*53/*67,p.P317S,p.R433W,Poor,0.93376637,0.066233635,High
*53/*72,p.P317S,p.A149V,Intermediate,0.06750355,0.9324964,High
*53/*75,p.P317S,p.N418T,Intermediate,0.07983784,0.92016214,High
*54/*62,p.S343R,p.R125C,Poor,0.971695,0.028304994,High
*54/*67,p.S343R,p.R433W,Poor,0.931648,0.068351984,High
*55/*56,p.L361I,p.I387V,Intermediate,0.09134133,0.9086587,High
*55/*58,p.L361I,p.P337T,Intermediate,0.07363315,0.92636687,High
*55/*62,p.L361I,p.R125C,Poor,0.94048554,0.059514463,High
*55/*63,p.L361I,p.R144H,Intermediate,0.063934185,0.9360658,High
*55/*65,p.L361I,p.E326D,Intermediate,0.05367715,0.94632286,High
*55/*66,p.L361I,p.L362V,Intermediate,0.09809179,0.9019082,High
*55/*67,p.L361I,p.R433W,Poor,0.8988187,0.10118133,High
*55/*72,p.L361I,p.A149V,Intermediate,0.06929762,0.9307024,High
*55/*75,p.L361I,p.N418T,Intermediate,0.08908633,0.91091365,High
*56/*56,p.I387V,p.I387V,Intermediate,0.09011067,0.90988934,High
*56/*58,p.I387V,p.P337T,Intermediate,0.04735391,0.9526461,High
*56/*62,p.I387V,p.R125C,Poor,0.9467252,0.05327481,High
*56/*63,p.I387V,p.R144H,Intermediate,0.08018286,0.91981715,High
*56/*64,p.I387V,p.S280C,Intermediate,0.14865501,0.851345,High
*56/*65,p.I387V,p.E326D,Intermediate,0.06631632,0.9336837,High
*56/*66,p.I387V,p.L362V,Intermediate,0.09011067,0.90988934,High
*56/*67,p.I387V,p.R433W,Poor,0.9134596,0.0865404,High
*56/*72,p.I387V,p.A149V,Intermediate,0.07658113,0.9234189,High
*56/*75,p.I387V,p.N418T,Intermediate,0.07305793,0.92694205,High
*57/*62,p.N204H,p.R125C,Poor,0.97046745,0.029532552,High
*57/*67,p.N204H,p.R433W,Poor,0.9352337,0.06476629,High
*58/*58,p.P337T,p.P337T,Intermediate,0.036077872,0.96392214,High
*58/*62,p.P337T,p.R125C,Poor,0.9590134,0.040986598,High
*58/*63,p.P337T,p.R144H,Intermediate,0.037249867,0.96275014,High
*58/*64,p.P337T,p.S280C,Intermediate,0.1239304,0.8760696,High
*58/*65,p.P337T,p.E326D,Intermediate,0.039248925,0.96075106,High
*58/*66,p.P337T,p.L362V,Intermediate,0.053422328,0.94657767,High
*58/*67,p.P337T,p.R433W,Poor,0.9036314,0.09636861,High
*58/*72,p.P337T,p.A149V,Intermediate,0.034050226,0.9659498,High
*58/*75,p.P337T,p.N418T,Intermediate,0.047215946,0.95278406,High
*59/*65,p.I434F,p.E326D,Intermediate,0.14640103,0.85359895,High
*60/*62,p.L467P,p.R125C,Poor,0.97076553,0.029234469,High
*60/*67,p.L467P,p.R433W,Poor,0.9619666,0.038033426,High
*60/*71,p.L467P,"p.E272G , p.P489S",Poor,0.8974494,0.102550626,High
*60/*73,p.L467P,p.R150C,Poor,0.90672433,0.093275666,High
*61/*62,"p.R144C , p.N457S",p.R125C,Poor,0.8672791,0.13272089,High
*61/*63,"p.R144C , p.N457S",p.R144H,Intermediate,0.09190884,0.9080912,High
*61/*65,"p.R144C , p.N457S",p.E326D,Intermediate,0.12532002,0.87468,High
*61/*72,"p.R144C , p.N457S",p.A149V,Intermediate,0.11856038,0.8814396,High
*61/*75,"p.R144C , p.N457S",p.N418T,Intermediate,0.14319047,0.8568095,High
*62/*62,p.R125C,p.R125C,Poor,0.984379,0.0156210065,High
*62/*63,p.R125C,p.R144H,Poor,0.87124985,0.12875015,High
*62/*64,p.R125C,p.S280C,Poor,0.95678735,0.043212652,High
*62/*65,p.R125C,p.E326D,Poor,0.87396026,0.12603974,High
*62/*66,p.R125C,p.L362V,Poor,0.9472028,0.0527972,High
*62/*67,p.R125C,p.R433W,Poor,0.98579806,0.014201939,High
*62/*69,p.R125C,p.D191G,Poor,0.95411396,0.04588604,High
*62/*70,p.R125C,p.G442V,Poor,0.9521635,0.047836483,High
*62/*71,p.R125C,"p.E272G , p.P489S",Poor,0.96899563,0.03100437,High
*62/*72,p.R125C,p.A149V,Poor,0.9093851,0.090614915,High
*62/*73,p.R125C,p.R150C,Poor,0.9699313,0.030068696,High
*62/*74,p.R125C,p.Q214H,Poor,0.9514858,0.048514187,High
*62/*75,p.R125C,p.N418T,Poor,0.94407177,0.05592823,High
*63/*63,p.R144H,p.R144H,Intermediate,0.024985319,0.9750147,High
*63/*64,p.R144H,p.S280C,Intermediate,0.08055907,0.9194409,High
*63/*65,p.R144H,p.E326D,Intermediate,0.025213167,0.9747868,High
*63/*66,p.R144H,p.L362V,Intermediate,0.056356158,0.94364387,High
*63/*69,p.R144H,p.D191G,Intermediate,0.079561464,0.9204385,High
*63/*70,p.R144H,p.G442V,Intermediate,0.14209291,0.85790706,High
*63/*71,p.R144H,"p.E272G , p.P489S",Intermediate,0.14176919,0.8582308,High
*63/*72,p.R144H,p.A149V,Intermediate,0.029616324,0.9703837,High
*63/*73,p.R144H,p.R150C,Intermediate,0.13778631,0.8622137,High
*63/*74,p.R144H,p.Q214H,Intermediate,0.10408969,0.8959103,High
*63/*75,p.R144H,p.N418T,Intermediate,0.035030376,0.96496964,High
*64/*65,p.S280C,p.E326D,Intermediate,0.08660213,0.91339785,High
*64/*66,p.S280C,p.L362V,Intermediate,0.14847867,0.8515213,High
*64/*67,p.S280C,p.R433W,Poor,0.9279376,0.07206237,High
*64/*72,p.S280C,p.A149V,Intermediate,0.10870735,0.89129263,High
*64/*75,p.S280C,p.N418T,Intermediate,0.13884169,0.8611583,High
*65/*65,p.E326D,p.E326D,Intermediate,0.023347007,0.976653,High
*65/*66,p.E326D,p.L362V,Intermediate,0.046486992,0.953513,High
*65/*69,p.E326D,p.D191G,Intermediate,0.08331845,0.9166815,High
*65/*72,p.E326D,p.A149V,Intermediate,0.030479908,0.9695201,High
*65/*74,p.E326D,p.Q214H,Intermediate,0.11480758,0.8851924,High
*65/*75,p.E326D,p.N418T,Intermediate,0.03859278,0.96140724,High
*66/*66,p.L362V,p.L362V,Intermediate,0.09011067,0.90988934,High
*66/*67,p.L362V,p.R433W,Poor,0.9134596,0.0865404,High
*66/*72,p.L362V,p.A149V,Intermediate,0.07658113,0.9234189,High
*66/*75,p.L362V,p.N418T,Intermediate,0.07305793,0.92694205,High
*67/*67,p.R433W,p.R433W,Poor,0.97163016,0.028369844,High
*67/*69,p.R433W,p.D191G,Poor,0.9104337,0.08956629,High
*67/*70,p.R433W,p.G442V,Poor,0.9472161,0.052783906,High
*67/*71,p.R433W,"p.E272G , p.P489S",Poor,0.9484214,0.05157858,High
*67/*73,p.R433W,p.R150C,Poor,0.9502798,0.049720228,High
*67/*74,p.R433W,p.Q214H,Poor,0.9310334,0.06896663,High
*67/*75,p.R433W,p.N418T,Poor,0.90872806,0.09127194,High
*69/*72,p.D191G,p.A149V,Intermediate,0.078855805,0.9211442,High
*70/*71,p.G442V,"p.E272G , p.P489S",Poor,0.8845687,0.11543131,High
*70/*73,p.G442V,p.R150C,Poor,0.8913551,0.1086449,High
*71/*71,"p.E272G , p.P489S","p.E272G , p.P489S",Poor,0.854136,0.14586401,High
*71/*73,"p.E272G , p.P489S",p.R150C,Poor,0.87144864,0.12855136,High
*71/*74,"p.E272G , p.P489S",p.Q214H,Poor,0.8721189,0.12788111,High
*72/*72,p.A149V,p.A149V,Intermediate,0.026286742,0.9737133,High
*72/*74,p.A149V,p.Q214H,Intermediate,0.13982353,0.86017644,High
*72/*75,p.A149V,p.N418T,Intermediate,0.037723012,0.962277,High
*73/*73,p.R150C,p.R150C,Poor,0.8665643,0.13343573,High
*73/*74,p.R150C,p.Q214H,Poor,0.8544621,0.14553791,High
*75/*75,p.N418T,p.N418T,Intermediate,0.05728412,0.9427159,High
