Variant,CADD,REVEL,Function,Star_Allele,Activity_Score,ClinVar,Source
p.A149T,20.8,0.372,Unknown,,,,dbNSFP4.3
p.A149V,21.2,0.385,Unknown,,,,dbNSFP4.3
p.A477T,21.8,0.412,Unknown,,,,dbNSFP4.3
p.D191G,23.5,0.498,Unknown,,,,dbNSFP4.3
p.D360E,23.1,0.445,Unknown,,,,CPIC/PharmGKB
p.D397A,23.4,0.489,Unknown,,,,dbNSFP4.3
p.D49G,23.2,0.478,Unknown,,,,dbNSFP4.3
p.E272G,24.3,0.548,Unknown,,,,dbNSFP4.3
p.E326D,19.5,0.298,Unknown,,,,dbNSFP4.3
p.E354K,24.5,0.562,Unknown,,,,dbNSFP4.3
p.F110S,25.9,0.612,Unknown,,,,dbNSFP4.3
p.G442V,25.4,0.598,Unknown,,,,dbNSFP4.3
p.G70R,25.5,0.678,Unknown,,,,dbNSFP4.3
p.G96A,22.5,0.425,Unknown,,,,dbNSFP4.3
p.G96R,26.1,0.672,Unknown,,,,dbNSFP4.3
p.G98V,26.8,0.672,Uncertain,*39,,,dbNSFP4.3
p.I207T,24.2,0.542,Unknown,,,,dbNSFP4.3
p.I222V,19.8,0.312,Unknown,,,,dbNSFP4.3
p.I284V,18.5,0.285,Unknown,,,,dbNSFP4.3
p.I327T,24.2,0.538,Unknown,,,,dbNSFP4.3
p.I331T,24.8,0.608,Unknown,,,,dbNSFP4.3
p.I359L,24.8,0.584,Unknown,,,,CPIC/PharmGKB
p.I359T,25.2,0.618,Unknown,,,,dbNSFP4.3
p.I387V,18.9,0.298,Unknown,,,,dbNSFP4.3
p.I434F,27.5,0.762,Unknown,,,,dbNSFP4.3
p.K119R,22.1,0.324,Unknown,,,,dbNSFP4.3
p.L19I,15.2,0.248,Unknown,,,,dbNSFP4.3
p.L361I,16.8,0.245,Unknown,,,,dbNSFP4.3
p.L362V,20.2,0.348,Unknown,,,,dbNSFP4.3
p.L467P,26.1,0.658,Unknown,,,,dbNSFP4.3
p.L90P,28.1,0.823,Unknown,,,,CPIC/PharmGKB
p.M1V,25.8,0.682,Unknown,,,,dbNSFP4.3
p.N204H,24.6,0.567,Uncertain,*57,,,dbNSFP4.3
p.N418T,22.4,0.452,Unknown,,,,dbNSFP4.3
p.N41D,19.8,0.318,Unknown,,,,dbNSFP4.3
p.N457S,21.5,0.398,Unknown,,,,dbNSFP4.3
p.P163L,24.5,0.548,Unknown,,,,dbNSFP4.3
p.P227S,22.8,0.465,Unknown,,,,dbNSFP4.3
p.P279T,23.2,0.492,Unknown,,,,CPIC/PharmGKB
p.P30L,24.1,0.552,Unknown,,,,dbNSFP4.3
p.P317S,23.8,0.512,Unknown,,,,dbNSFP4.3
p.P337T,24.1,0.528,Unknown,,,,dbNSFP4.3
p.P382S,23.5,0.518,Unknown,,,,dbNSFP4.3
p.P489S,21.5,0.382,Unknown,,,,dbNSFP4.3
p.Q214H,23.8,0.478,Unknown,,,,dbNSFP4.3
p.Q214L,23.5,0.492,Unknown,,,,dbNSFP4.3
p.Q454H,22.1,0.412,Unknown,,,,dbNSFP4.3
p.R105C,25.9,0.658,Unknown,,,,dbNSFP4.3
p.R108C,25.7,0.642,Unknown,,,,dbNSFP4.3
p.R124Q,25.8,0.623,Unknown,,,,dbNSFP4.3
p.R124W,27.1,0.698,Uncertain,*43,,,dbNSFP4.3
p.R125C,28.2,0.734,Uncertain,*62,,,dbNSFP4.3
p.R132Q,24.5,0.582,Unknown,,,,dbNSFP4.3
p.R132W,27.3,0.715,Unknown,,,,dbNSFP4.3
p.R144C,26.5,0.651,Unknown,,,,CPIC/PharmGKB
p.R144H,24.8,0.592,Unknown,,,,dbNSFP4.3
p.R150C,26.4,0.645,Unknown,,,,dbNSFP4.3
p.R150H,22.4,0.418,Unknown,,,,CPIC/PharmGKB
p.R335W,27.2,0.778,Unknown,,,,CPIC/PharmGKB
p.R433C,26.8,0.724,Unknown,,,,dbNSFP4.3
p.R433W,27.8,0.712,Uncertain,*67,,,dbNSFP4.3
p.S162X,35.0,0.95,Unknown,,,,CPIC/PharmGKB
p.S280C,24.8,0.568,Unknown,,,,dbNSFP4.3
p.S343R,24.2,0.534,Unknown,,,,dbNSFP4.3
p.T299A,23.0,0.478,Unknown,,,,dbNSFP4.3
p.T299R,24.5,0.552,Unknown,,,,dbNSFP4.3
p.V490F,23.9,0.521,Unknown,,,,dbNSFP4.3
p.V76M,22.8,0.438,Unknown,,,,dbNSFP4.3
