Diplotype,Effect1,Effect2,Position1,Position2,Region1,Region2,Prob_Poor,Confidence,is_missense1,is_missense2,Source
*34/*43,p.R132Q,p.R124W,132,124,Non-SRS,SRS1,0.9932762018240276,High,True,True,Predicted
*34/*39,p.R132Q,p.G98V,132,98,Non-SRS,SRS1,0.9913575833662054,High,True,True,Predicted
*24/*34,p.E354K,p.R132Q,354,132,Non-SRS,Non-SRS,0.9815673490613972,High,True,True,Predicted
*40/*45,p.F110S,p.R132W,110,132,SRS1,Non-SRS,0.9814446247908568,High,True,True,Predicted
*15/*34,p.S162X,p.R132Q,162,132,Non-SRS,Non-SRS,0.9786748380626298,High,False,True,Predicted
*40/*43,p.F110S,p.R124W,110,124,SRS1,SRS1,0.9781436899090632,High,True,True,Predicted
*15/*58,p.S162X,p.P337T,162,337,Non-SRS,I-helix,0.9774641726485456,High,False,True,Predicted
*15/*69,p.S162X,p.D191G,162,191,Non-SRS,Non-SRS,0.9760701270699548,High,False,True,Predicted
*6/*34,p.K273fs(delA),p.R132Q,273,132,Non-SRS,Non-SRS,0.9750031791746896,High,False,True,Predicted
*6/*40,p.K273fs(delA),p.F110S,273,110,Non-SRS,SRS1,0.974491100271958,High,False,True,Predicted
*34/*42,p.R132Q,p.R124Q,132,124,Non-SRS,SRS1,0.973480545060122,High,True,True,Predicted
*15/*53,p.S162X,p.P317S,162,317,Non-SRS,SRS4,0.971489582577722,High,False,True,Predicted
*6/*48,p.K273fs(delA),p.I207T,273,207,Non-SRS,SRS2,0.9697063342276776,High,False,True,Predicted
*15/*57,p.S162X,p.N204H,162,204,Non-SRS,SRS2,0.9651875999997304,High,False,True,Predicted
*15/*48,p.S162X,p.I207T,162,207,Non-SRS,SRS2,0.9640935299914922,High,False,True,Predicted
*40/*42,p.F110S,p.R124Q,110,124,SRS1,SRS1,0.9631341920052052,High,True,True,Predicted
*15/*64,p.S162X,p.S280C,162,280,Non-SRS,Non-SRS,0.9622391604949924,High,False,True,Predicted
*6/*69,p.K273fs(delA),p.D191G,273,191,Non-SRS,Non-SRS,0.9619135636704615,High,False,True,Predicted
*18/*45,"p.I359L , p.D397A",p.R132W,359,132,SRS5,Non-SRS,0.9617309934308412,High,True,True,Predicted
*40/*52,p.F110S,p.T299R,110,299,SRS1,SRS4,0.9613153592615924,High,True,True,Predicted
*6/*67,p.K273fs(delA),p.R433W,273,433,Non-SRS,SRS6,0.9606518872661616,High,False,True,Predicted
*6/*53,p.K273fs(delA),p.P317S,273,317,Non-SRS,SRS4,0.9596922130984642,High,False,True,Predicted
*24/*40,p.E354K,p.F110S,354,110,Non-SRS,SRS1,0.959451863545721,High,True,True,Predicted
*39/*57,p.G98V,p.N204H,98,204,SRS1,SRS2,0.9592009410616984,High,True,True,Predicted
*34/*45,p.R132Q,p.R132W,132,132,Non-SRS,Non-SRS,0.9582423546191596,High,True,True,Predicted
*6/*62,p.K273fs(delA),p.R125C,273,125,Non-SRS,SRS1,0.9566718292145532,High,False,True,Predicted
*10/*39,p.E272G,p.G98V,272,98,Non-SRS,SRS1,0.9552015624166328,High,True,True,Predicted
*6/*10,p.K273fs(delA),p.E272G,273,272,Non-SRS,Non-SRS,0.9541240010672593,High,False,True,Predicted
*6/*71,p.K273fs(delA),"p.E272G , p.P489S",273,272,Non-SRS,Non-SRS,0.9541240010672593,High,False,True,Predicted
*6/*70,p.K273fs(delA),p.G442V,273,442,Non-SRS,SRS6,0.9536837220715924,High,False,True,Predicted
*15/*71,p.S162X,"p.E272G , p.P489S",162,272,Non-SRS,Non-SRS,0.9523010681027324,High,False,True,Predicted
*13/*34,p.L90P,p.R132Q,90,132,Helix,Non-SRS,0.9522012654479516,High,True,True,Predicted
*43/*57,p.R124W,p.N204H,124,204,SRS1,SRS2,0.951876361578154,High,True,True,Predicted
*15/*54,p.S162X,p.S343R,162,343,Non-SRS,Non-SRS,0.950090606675582,High,False,True,Predicted
*15/*75,p.S162X,p.N418T,162,418,Non-SRS,Non-SRS,0.949869226287571,High,False,True,Predicted
*18/*52,"p.I359L , p.D397A",p.T299R,359,299,SRS5,SRS4,0.9496258520872785,High,True,True,Predicted
*34/*40,p.R132Q,p.F110S,132,110,Non-SRS,SRS1,0.947957150745065,High,True,True,Predicted
*33/*40,p.R132Q,p.F110S,132,110,Non-SRS,SRS1,0.947957150745065,High,True,True,Predicted
*33/*34,p.R132Q,p.R132Q,132,132,Non-SRS,Non-SRS,0.9470941736571472,High,True,True,Predicted
*34/*34,p.R132Q,p.R132Q,132,132,Non-SRS,Non-SRS,0.9470941736571472,High,True,True,Predicted
*6/*17,p.K273fs(delA),p.P382S,273,382,Non-SRS,SRS5,0.9466560693929484,High,False,True,Predicted
*15/*70,p.S162X,p.G442V,162,442,Non-SRS,SRS6,0.9465544207006242,High,False,True,Predicted
*18/*42,"p.I359L , p.D397A",p.R124Q,359,124,SRS5,SRS1,0.945806081414272,High,True,True,Predicted
*15/*67,p.S162X,p.R433W,162,433,Non-SRS,SRS6,0.9454283661722744,High,False,True,Predicted
*21/*43,p.P30L,p.R124W,30,124,Non-SRS,SRS1,0.9433407334753676,High,True,True,Predicted
*15/*72,p.S162X,p.A149V,162,149,Non-SRS,Non-SRS,0.9433106700518564,High,False,True,Predicted
*24/*57,p.E354K,p.N204H,354,204,Non-SRS,SRS2,0.942812839487273,High,True,True,Predicted
*15/*17,p.S162X,p.P382S,162,382,Non-SRS,SRS5,0.9426148221526164,High,False,True,Predicted
*18/*43,"p.I359L , p.D397A",p.R124W,359,124,SRS5,SRS1,0.9423066390714108,High,True,True,Predicted
*24/*66,p.E354K,p.L362V,354,362,Non-SRS,SRS5,0.942302228289432,High,True,True,Predicted
*15/*40,p.S162X,p.F110S,162,110,Non-SRS,SRS1,0.9421628277390756,High,False,True,Predicted
*6/*64,p.K273fs(delA),p.S280C,273,280,Non-SRS,Non-SRS,0.9416914574629244,High,False,True,Predicted
*6/*57,p.K273fs(delA),p.N204H,273,204,Non-SRS,SRS2,0.9400252623655594,High,False,True,Predicted
*17/*43,p.P382S,p.R124W,382,124,SRS5,SRS1,0.9397924561772732,High,True,True,Predicted
*6/*58,p.K273fs(delA),p.P337T,273,337,Non-SRS,I-helix,0.9394380525247428,High,False,True,Predicted
*18/*24,"p.I359L , p.D397A",p.E354K,359,354,SRS5,Non-SRS,0.9386428074445796,High,True,True,Predicted
*21/*39,p.P30L,p.G98V,30,98,Non-SRS,SRS1,0.9383892078226188,High,True,True,Predicted
*3/*34,p.I359L,p.R132Q,359,132,SRS5,Non-SRS,0.9380649571109004,High,True,True,Predicted
*18/*33,"p.I359L , p.D397A",p.R132Q,359,132,SRS5,Non-SRS,0.9380649571109004,High,True,True,Predicted
*18/*34,"p.I359L , p.D397A",p.R132Q,359,132,SRS5,Non-SRS,0.9380649571109004,High,True,True,Predicted
*24/*48,p.E354K,p.I207T,354,207,Non-SRS,SRS2,0.9367606746395836,High,True,True,Predicted
*15/*62,p.S162X,p.R125C,162,125,Non-SRS,SRS1,0.9362803953083894,High,False,True,Predicted
*10/*43,p.E272G,p.R124W,272,124,Non-SRS,SRS1,0.9351013863432828,High,True,True,Predicted
*24/*49,p.E354K,p.I222V,354,222,Non-SRS,SRS2,0.933945389344784,High,True,True,Predicted
*32/*43,p.V490F,p.R124W,490,124,SRS6,SRS1,0.9337242186320116,High,True,True,Predicted
*15/*47,p.S162X,p.P163L,162,163,Non-SRS,Non-SRS,0.9334977982665076,High,False,True,Predicted
*24/*53,p.E354K,p.P317S,354,317,Non-SRS,SRS4,0.9326430519657696,High,True,True,Predicted
*34/*52,p.R132Q,p.T299R,132,299,Non-SRS,SRS4,0.9324519071064556,High,True,True,Predicted
*40/*57,p.F110S,p.N204H,110,204,SRS1,SRS2,0.9313783427807764,High,True,True,Predicted
*24/*58,p.E354K,p.P337T,354,337,Non-SRS,I-helix,0.9308136419287936,High,True,True,Predicted
*24/*69,p.E354K,p.D191G,354,191,Non-SRS,Non-SRS,0.9282694815485318,High,True,True,Predicted
*15/*60,p.S162X,p.L467P,162,467,Non-SRS,SRS6,0.927952946447688,High,False,True,Predicted
*43/*49,p.R124W,p.I222V,124,222,SRS1,SRS2,0.926577479825652,High,True,True,Predicted
*18/*57,"p.I359L , p.D397A",p.N204H,359,204,SRS5,SRS2,0.9245069968125986,High,True,True,Predicted
*3/*57,p.I359L,p.N204H,359,204,SRS5,SRS2,0.9245069968125986,High,True,True,Predicted
*43/*62,p.R124W,p.R125C,124,125,SRS1,SRS1,0.9243356980077246,High,True,True,Predicted
*16/*34,p.T299A,p.R132Q,299,132,SRS4,Non-SRS,0.9241587063895708,High,True,True,Predicted
*24/*74,p.E354K,p.Q214H,354,214,Non-SRS,SRS2,0.9237654249998388,High,True,True,Predicted
*15/*73,p.S162X,p.R150C,162,150,Non-SRS,Non-SRS,0.9234043746799088,High,False,True,Predicted
*15/*21,p.S162X,p.P30L,162,30,Non-SRS,Non-SRS,0.9228968564231842,High,False,True,Predicted
*15/*32,p.S162X,p.V490F,162,490,Non-SRS,SRS6,0.9227880525950942,High,False,True,Predicted
*39/*74,p.G98V,p.Q214H,98,214,SRS1,SRS2,0.9225663380047217,High,True,True,Predicted
*39/*62,p.G98V,p.R125C,98,125,SRS1,SRS1,0.9214021419685388,High,True,True,Predicted
*6/*21,p.K273fs(delA),p.P30L,273,30,Non-SRS,Non-SRS,0.920819572366769,High,False,True,Predicted
*6/*41,p.K273fs(delA),p.K119R,273,119,Non-SRS,SRS1,0.920292743833774,High,False,True,Predicted
*24/*56,p.E354K,p.I387V,354,387,Non-SRS,SRS5,0.9192115840254612,High,True,True,Predicted
*15/*20,p.S162X,p.G70R,162,70,Non-SRS,Non-SRS,0.9188425152750012,High,False,True,Predicted
*24/*47,p.E354K,p.P163L,354,163,Non-SRS,Non-SRS,0.9178424563765928,High,True,True,Predicted
*6/*60,p.K273fs(delA),p.L467P,273,467,Non-SRS,SRS6,0.917386868372984,High,False,True,Predicted
*6/*75,p.K273fs(delA),p.N418T,273,418,Non-SRS,Non-SRS,0.917383241809222,High,False,True,Predicted
*24/*41,p.E354K,p.K119R,354,119,Non-SRS,SRS1,0.9168778219283256,High,True,True,Predicted
*45/*62,p.R132W,p.R125C,132,125,Non-SRS,SRS1,0.9149545083411778,High,True,True,Predicted
*24/*32,p.E354K,p.V490F,354,490,Non-SRS,SRS6,0.9143116330918508,High,True,True,Predicted
*17/*39,p.P382S,p.G98V,382,98,SRS5,SRS1,0.9141757503595872,High,True,True,Predicted
*24/*64,p.E354K,p.S280C,354,280,Non-SRS,Non-SRS,0.913947069050687,High,True,True,Predicted
*21/*42,p.P30L,p.R124Q,30,124,Non-SRS,SRS1,0.913728120452158,High,True,True,Predicted
*13/*40,p.L90P,p.F110S,90,110,Helix,SRS1,0.9127883018218748,High,True,True,Predicted
*13/*21,p.L90P,p.P30L,90,30,Helix,Non-SRS,0.9123015324211544,High,True,True,Predicted
*15/*49,p.S162X,p.I222V,162,222,Non-SRS,SRS2,0.9120997782958262,High,False,True,Predicted
*6/*72,p.K273fs(delA),p.A149V,273,149,Non-SRS,Non-SRS,0.9119126278964385,High,False,True,Predicted
*10/*42,p.E272G,p.R124Q,272,124,Non-SRS,SRS1,0.9111968914000352,High,True,True,Predicted
*15/*74,p.S162X,p.Q214H,162,214,Non-SRS,SRS2,0.9102044506641732,High,False,True,Predicted
*33/*57,p.R132Q,p.N204H,132,204,Non-SRS,SRS2,0.910120488999784,High,True,True,Predicted
*34/*57,p.R132Q,p.N204H,132,204,Non-SRS,SRS2,0.910120488999784,High,True,True,Predicted
*6/*20,p.K273fs(delA),p.G70R,273,70,Non-SRS,Non-SRS,0.9100037328262892,High,False,True,Predicted
*6/*47,p.K273fs(delA),p.P163L,273,163,Non-SRS,Non-SRS,0.9091876480539148,High,False,True,Predicted
*6/*32,p.K273fs(delA),p.V490F,273,490,Non-SRS,SRS6,0.9086341106673806,High,False,True,Predicted
*43/*74,p.R124W,p.Q214H,124,214,SRS1,SRS2,0.9084810326694476,High,True,True,Predicted
*41/*43,p.K119R,p.R124W,119,124,SRS1,SRS1,0.9058519554202428,High,True,True,Predicted
*24/*67,p.E354K,p.R433W,354,433,Non-SRS,SRS6,0.9056665982976808,High,True,True,Predicted
*40/*62,p.F110S,p.R125C,110,125,SRS1,SRS1,0.9055965549370368,High,True,True,Predicted
*13/*72,p.L90P,p.A149V,90,149,Helix,Non-SRS,0.9053348111154,High,True,True,Predicted
*6/*54,p.K273fs(delA),p.S343R,273,343,Non-SRS,Non-SRS,0.9044268854482906,High,False,True,Predicted
*28/*34,p.Q214L,p.R132Q,214,132,SRS2,Non-SRS,0.904307903868845,High,True,True,Predicted
*18/*48,"p.I359L , p.D397A",p.I207T,359,207,SRS5,SRS2,0.9042093571198287,High,True,True,Predicted
*3/*48,p.I359L,p.I207T,359,207,SRS5,SRS2,0.9042093571198287,High,True,True,Predicted
*34/*62,p.R132Q,p.R125C,132,125,Non-SRS,SRS1,0.9038117508048448,High,True,True,Predicted
*33/*62,p.R132Q,p.R125C,132,125,Non-SRS,SRS1,0.9038117508048448,High,True,True,Predicted
*13/*47,p.L90P,p.P163L,90,163,Helix,Non-SRS,0.9028556104146273,High,True,True,Predicted
*20/*43,p.G70R,p.R124W,70,124,Non-SRS,SRS1,0.9026518597774892,High,True,True,Predicted
*17/*42,p.P382S,p.R124Q,382,124,SRS5,SRS1,0.90243837488387,High,True,True,Predicted
*43/*53,p.R124W,p.P317S,124,317,SRS1,SRS4,0.901837299370456,High,True,True,Predicted
*43/*48,p.R124W,p.I207T,124,207,SRS1,SRS2,0.900901565073226,High,True,True,Predicted
*6/*73,p.K273fs(delA),p.R150C,273,150,Non-SRS,Non-SRS,0.9004234331206884,High,False,True,Predicted
*24/*65,p.E354K,p.E326D,354,326,Non-SRS,I-helix,0.8997288719908636,High,True,True,Predicted
*24/*71,p.E354K,"p.E272G , p.P489S",354,272,Non-SRS,Non-SRS,0.8996869469071521,High,True,True,Predicted
*24/*72,p.E354K,p.A149V,354,149,Non-SRS,Non-SRS,0.8994243874699958,High,True,True,Predicted
*32/*39,p.V490F,p.G98V,490,98,SRS6,SRS1,0.8992495712768859,High,True,True,Predicted
*18/*39,"p.I359L , p.D397A",p.G98V,359,98,SRS5,SRS1,0.8985554446859766,High,True,True,Predicted
*34/*50,p.R132Q,p.P227S,132,227,Non-SRS,SRS2,0.89719262304056,High,True,True,Predicted
*43/*66,p.R124W,p.L362V,124,362,SRS1,SRS5,0.8970572915650342,High,True,True,Predicted
*6/*18,p.K273fs(delA),"p.I359L , p.D397A",273,359,Non-SRS,SRS5,0.8966989255441985,High,False,True,Predicted
*40/*74,p.F110S,p.Q214H,110,214,SRS1,SRS2,0.8966845883016709,High,True,True,Predicted
*17/*24,p.P382S,p.E354K,382,354,SRS5,Non-SRS,0.8963338645615844,High,True,True,Predicted
*10/*24,p.E272G,p.E354K,272,354,Non-SRS,Non-SRS,0.8954355889780935,High,True,True,Predicted
*10/*15,p.E272G,p.S162X,272,162,Non-SRS,Non-SRS,0.8953471674648702,High,True,False,Predicted
*15/*66,p.S162X,p.L362V,162,362,Non-SRS,SRS5,0.8952911967792351,High,False,True,Predicted
*24/*54,p.E354K,p.S343R,354,343,Non-SRS,Non-SRS,0.8950942924593107,High,True,True,Predicted
*15/*41,p.S162X,p.K119R,162,119,Non-SRS,SRS1,0.8950666858046631,High,False,True,Predicted
*39/*69,p.G98V,p.D191G,98,191,SRS1,Non-SRS,0.8948134625670287,High,True,True,Predicted
*10/*40,p.E272G,p.F110S,272,110,Non-SRS,SRS1,0.894806317183872,High,True,True,Predicted
*15/*65,p.S162X,p.E326D,162,326,Non-SRS,I-helix,0.8946921227712257,High,False,True,Predicted
*24/*62,p.E354K,p.R125C,354,125,Non-SRS,SRS1,0.8944777206808031,High,True,True,Predicted
*18/*53,"p.I359L , p.D397A",p.P317S,359,317,SRS5,SRS4,0.8944130463548591,High,True,True,Predicted
*3/*53,p.I359L,p.P317S,359,317,SRS5,SRS4,0.8944130463548591,High,True,True,Predicted
*5/*34,p.D360E,p.R132Q,360,132,SRS5,Non-SRS,0.8931787384727304,High,True,True,Predicted
*6/*49,p.K273fs(delA),p.I222V,273,222,Non-SRS,SRS2,0.8931565927605334,High,False,True,Predicted
*18/*50,"p.I359L , p.D397A",p.P227S,359,227,SRS5,SRS2,0.8929012146254693,High,True,True,Predicted
*39/*40,p.G98V,p.F110S,98,110,SRS1,SRS1,0.8916074518471269,High,True,True,Predicted
*17/*45,p.P382S,p.R132W,382,132,SRS5,Non-SRS,0.8907208418444921,High,True,True,Predicted
*62/*62,p.R125C,p.R125C,125,125,SRS1,SRS1,0.8899478770219013,High,True,True,Predicted
*32/*33,p.V490F,p.R132Q,490,132,SRS6,Non-SRS,0.88950792667799,High,True,True,Predicted
*32/*34,p.V490F,p.R132Q,490,132,SRS6,Non-SRS,0.88950792667799,High,True,True,Predicted
*15/*27,p.S162X,p.R150H; p.R150L,162,150,Non-SRS,Non-SRS,0.889403591327754,High,False,True,Predicted
*15/*56,p.S162X,p.I387V,162,387,Non-SRS,SRS5,0.889265879599423,High,False,True,Predicted
*20/*39,p.G70R,p.G98V,70,98,Non-SRS,SRS1,0.8882219172828972,High,True,True,Predicted
*43/*64,p.R124W,p.S280C,124,280,SRS1,Non-SRS,0.8881472010797787,High,True,True,Predicted
*6/*66,p.K273fs(delA),p.L362V,273,362,Non-SRS,SRS5,0.8876600663366431,High,False,True,Predicted
*15/*18,p.S162X,"p.I359L , p.D397A",162,359,Non-SRS,SRS5,0.8874137296080497,High,False,True,Predicted
*41/*45,p.K119R,p.R132W,119,132,SRS1,Non-SRS,0.8866439297221043,High,True,True,Predicted
*15/*19,p.S162X,p.Q454H,162,454,Non-SRS,SRS6,0.8847575194886153,High,False,True,Predicted
*34/*41,p.R132Q,p.K119R,132,119,Non-SRS,SRS1,0.8845981723106484,High,True,True,Predicted
*33/*41,p.R132Q,p.K119R,132,119,Non-SRS,SRS1,0.8845981723106484,High,True,True,Predicted
*13/*64,p.L90P,p.S280C,90,280,Helix,Non-SRS,0.8834730930579433,High,True,True,Predicted
*13/*27,p.L90P,p.R150H; p.R150L,90,150,Helix,Non-SRS,0.8833064232001269,High,True,True,Predicted
*21/*45,p.P30L,p.R132W,30,132,Non-SRS,Non-SRS,0.8817463522789961,High,True,True,Predicted
*17/*34,p.P382S,p.R132Q,382,132,SRS5,Non-SRS,0.8810522925048254,High,True,True,Predicted
*17/*33,p.P382S,p.R132Q,382,132,SRS5,Non-SRS,0.8810522925048254,High,True,True,Predicted
*10/*45,p.E272G,p.R132W,272,132,Non-SRS,Non-SRS,0.8804120191552769,High,True,True,Predicted
*24/*70,p.E354K,p.G442V,354,442,Non-SRS,SRS6,0.8793944676534967,High,True,True,Predicted
*18/*28,"p.I359L , p.D397A",p.Q214L,359,214,SRS5,SRS2,0.8792888466116751,High,True,True,Predicted
*43/*69,p.R124W,p.D191G,124,191,SRS1,Non-SRS,0.8790943443082068,High,True,True,Predicted
*24/*60,p.E354K,p.L467P,354,467,Non-SRS,SRS6,0.8786701743680781,High,True,True,Predicted
*24/*27,p.E354K,p.R150H; p.R150L,354,150,Non-SRS,Non-SRS,0.8775164229643256,High,True,True,Predicted
*6/*56,p.K273fs(delA),p.I387V,273,387,Non-SRS,SRS5,0.8774864954148497,High,False,True,Predicted
*3/*67,p.I359L,p.R433W,359,433,SRS5,SRS6,0.8770301644195971,High,True,True,Predicted
*18/*67,"p.I359L , p.D397A",p.R433W,359,433,SRS5,SRS6,0.8770301644195971,High,True,True,Predicted
*13/*53,p.L90P,p.P317S,90,317,Helix,SRS4,0.8769380194461479,High,True,True,Predicted
*18/*58,"p.I359L , p.D397A",p.P337T,359,337,SRS5,I-helix,0.8767121959561927,High,True,True,Predicted
*3/*58,p.I359L,p.P337T,359,337,SRS5,I-helix,0.8767121959561927,High,True,True,Predicted
*18/*29,"p.I359L , p.D397A",p.P279T,359,279,SRS5,Non-SRS,0.8760907123246053,High,True,True,Predicted
*13/*49,p.L90P,p.I222V,90,222,Helix,SRS2,0.8750858387661945,High,True,True,Predicted
*13/*48,p.L90P,p.I207T,90,207,Helix,SRS2,0.8749209009453895,High,True,True,Predicted
*6/*74,p.K273fs(delA),p.Q214H,273,214,Non-SRS,SRS2,0.874523013294483,High,False,True,Predicted
*18/*31,"p.I359L , p.D397A",p.I327T,359,327,SRS5,I-helix,0.8744233498760525,High,True,True,Predicted
*13/*71,p.L90P,"p.E272G , p.P489S",90,272,Helix,Non-SRS,0.8743895015553658,High,True,True,Predicted
*24/*75,p.E354K,p.N418T,354,418,Non-SRS,Non-SRS,0.8743762443672988,High,True,True,Predicted
*32/*45,p.V490F,p.R132W,490,132,SRS6,Non-SRS,0.8740109854816046,High,True,True,Predicted
*15/*59,p.S162X,p.I434F,162,434,Non-SRS,SRS6,0.8737456982986004,High,False,True,Predicted
*34/*49,p.R132Q,p.I222V,132,222,Non-SRS,SRS2,0.8732176966626303,High,True,True,Predicted
*33/*49,p.R132Q,p.I222V,132,222,Non-SRS,SRS2,0.8732176966626303,High,True,True,Predicted
*13/*65,p.L90P,p.E326D,90,326,Helix,I-helix,0.8723577351530091,High,True,True,Predicted
*13/*60,p.L90P,p.L467P,90,467,Helix,SRS6,0.8720419978320859,High,True,True,Predicted
*30/*34,p.A477T,p.R132Q,477,132,SRS6,Non-SRS,0.8717986270704511,High,True,True,Predicted
*24/*51,p.E354K,p.I284V,354,284,Non-SRS,Non-SRS,0.8716854628168871,High,True,True,Predicted
*29/*34,p.P279T,p.R132Q,279,132,Non-SRS,Non-SRS,0.8713797298149085,High,True,True,Predicted
*34/*74,p.R132Q,p.Q214H,132,214,Non-SRS,SRS2,0.8711335487165865,High,True,True,Predicted
*33/*74,p.R132Q,p.Q214H,132,214,Non-SRS,SRS2,0.8711335487165865,High,True,True,Predicted
*33/*67,p.R132Q,p.R433W,132,433,Non-SRS,SRS6,0.8709029301868155,High,True,True,Predicted
*34/*67,p.R132Q,p.R433W,132,433,Non-SRS,SRS6,0.8709029301868155,High,True,True,Predicted
*13/*41,p.L90P,p.K119R,90,119,Helix,SRS1,0.8701526307222821,High,True,True,Predicted
*43/*54,p.R124W,p.S343R,124,343,SRS1,Non-SRS,0.8699035947292488,High,True,True,Predicted
*13/*62,p.L90P,p.R125C,90,125,Helix,SRS1,0.8697412852325597,High,True,True,Predicted
*13/*36,p.L90P,"p.M1V , p.D360E",90,1,Helix,Non-SRS,0.8695081472795806,High,True,True,Predicted
*13/*63,p.L90P,p.R144H,90,144,Helix,Non-SRS,0.8689876483970105,High,True,True,Predicted
*15/*51,p.S162X,p.I284V,162,284,Non-SRS,Non-SRS,0.8687920017184642,High,False,True,Predicted
*13/*57,p.L90P,p.N204H,90,204,Helix,SRS2,0.8682895826345937,High,True,True,Predicted
*42/*62,p.R124Q,p.R125C,124,125,SRS1,SRS1,0.868148158485415,High,True,True,Predicted
*34/*35,p.R132Q,"p.R125H; p.R125L , p.R144C",132,125,Non-SRS,SRS1,0.867899175894713,High,True,True,Predicted
*3/*70,p.I359L,p.G442V,359,442,SRS5,SRS6,0.8675624181063404,High,True,True,Predicted
*18/*70,"p.I359L , p.D397A",p.G442V,359,442,SRS5,SRS6,0.8675624181063404,High,True,True,Predicted
*21/*24,p.P30L,p.E354K,30,354,Non-SRS,Non-SRS,0.8673118720498658,High,True,True,Predicted
*41/*52,p.K119R,p.T299R,119,299,SRS1,SRS4,0.8669300065796786,High,True,True,Predicted
*33/*66,p.R132Q,p.L362V,132,362,Non-SRS,SRS5,0.8663977937145669,High,True,True,Predicted
*34/*66,p.R132Q,p.L362V,132,362,Non-SRS,SRS5,0.8663977937145669,High,True,True,Predicted
*17/*52,p.P382S,p.T299R,382,299,SRS5,SRS4,0.8655867138226232,High,True,True,Predicted
*18/*40,"p.I359L , p.D397A",p.F110S,359,110,SRS5,SRS1,0.8651090363825089,High,True,True,Predicted
*3/*40,p.I359L,p.F110S,359,110,SRS5,SRS1,0.8651090363825089,High,True,True,Predicted
*20/*42,p.G70R,p.R124Q,70,124,Non-SRS,SRS1,0.8650852504990502,High,True,True,Predicted
*34/*38,p.R132Q,p.G96A,132,96,Non-SRS,Helix,0.8650676346696244,High,True,True,Predicted
*43/*71,p.R124W,"p.E272G , p.P489S",124,272,SRS1,Non-SRS,0.8649392915483513,High,True,True,Predicted
*34/*55,p.R132Q,p.L361I,132,361,Non-SRS,SRS5,0.864178568326882,High,True,True,Predicted
*13/*75,p.L90P,p.N418T,90,418,Helix,Non-SRS,0.863691156829283,High,True,True,Predicted
*13/*20,p.L90P,p.G70R,90,70,Helix,Non-SRS,0.863332999723917,High,True,True,Predicted
*39/*54,p.G98V,p.S343R,98,343,SRS1,Non-SRS,0.863324203021396,High,True,True,Predicted
*43/*67,p.R124W,p.R433W,124,433,SRS1,SRS6,0.8632846254089032,High,True,True,Predicted
*39/*67,p.G98V,p.R433W,98,433,SRS1,SRS6,0.8625794485939722,High,True,True,Predicted
*39/*71,p.G98V,"p.E272G , p.P489S",98,272,SRS1,Non-SRS,0.8613881699116835,High,True,True,Predicted
*18/*74,"p.I359L , p.D397A",p.Q214H,359,214,SRS5,SRS2,0.8612187041291187,High,True,True,Predicted
*3/*74,p.I359L,p.Q214H,359,214,SRS5,SRS2,0.8612187041291187,High,True,True,Predicted
*13/*58,p.L90P,p.P337T,90,337,Helix,I-helix,0.8601232065394531,High,True,True,Predicted
*21/*34,p.P30L,p.R132Q,30,132,Non-SRS,Non-SRS,0.8601188023147397,High,True,True,Predicted
*21/*33,p.P30L,p.R132Q,30,132,Non-SRS,Non-SRS,0.8601188023147397,High,True,True,Predicted
*62/*66,p.R125C,p.L362V,125,362,SRS1,SRS5,0.8594935921140244,High,True,True,Predicted
*10/*33,p.E272G,p.R132Q,272,132,Non-SRS,Non-SRS,0.859428141670043,High,True,True,Predicted
*10/*34,p.E272G,p.R132Q,272,132,Non-SRS,Non-SRS,0.859428141670043,High,True,True,Predicted
*18/*60,"p.I359L , p.D397A",p.L467P,359,467,SRS5,SRS6,0.8591184532756972,High,True,True,Predicted
*3/*60,p.I359L,p.L467P,359,467,SRS5,SRS6,0.8591184532756972,High,True,True,Predicted
*13/*51,p.L90P,p.I284V,90,284,Helix,Non-SRS,0.8589117959012061,High,True,True,Predicted
*40/*67,p.F110S,p.R433W,110,433,SRS1,SRS6,0.8581147377281014,High,True,True,Predicted
*43/*72,p.R124W,p.A149V,124,149,SRS1,Non-SRS,0.8579523833787596,High,True,True,Predicted
*43/*56,p.R124W,p.I387V,124,387,SRS1,SRS5,0.8574677948932748,High,True,True,Predicted
*15/*63,p.S162X,p.R144H,162,144,Non-SRS,Non-SRS,0.8571895445294954,High,False,True,Predicted
*3/*32,p.I359L,p.V490F,359,490,SRS5,SRS6,0.8569491107596664,High,True,True,Predicted
*18/*32,"p.I359L , p.D397A",p.V490F,359,490,SRS5,SRS6,0.8569491107596664,High,True,True,Predicted
*13/*32,p.L90P,p.V490F,90,490,Helix,SRS6,0.8565975216450599,High,True,True,Predicted
*6/*19,p.K273fs(delA),p.Q454H,273,454,Non-SRS,SRS6,0.8562231210232178,High,False,True,Predicted
*24/*36,p.E354K,"p.M1V , p.D360E",354,1,Non-SRS,Non-SRS,0.8559337335400548,High,True,True,Predicted
*43/*47,p.R124W,p.P163L,124,163,SRS1,Non-SRS,0.8558435698164866,High,True,True,Predicted
*62/*74,p.R125C,p.Q214H,125,214,SRS1,SRS2,0.8553760560672423,High,True,True,Predicted
*3/*17,p.I359L,p.P382S,359,382,SRS5,SRS5,0.8551660327991971,High,True,True,Predicted
*13/*59,p.L90P,p.I434F,90,434,Helix,SRS6,0.854810571310618,High,True,True,Predicted
*12/*34,p.P489S,p.R132Q,489,132,SRS6,Non-SRS,0.8540663727093188,High,True,True,Predicted
*18/*64,"p.I359L , p.D397A",p.S280C,359,280,SRS5,Non-SRS,0.853826042974029,High,True,True,Predicted
*3/*64,p.I359L,p.S280C,359,280,SRS5,Non-SRS,0.853826042974029,High,True,True,Predicted
*18/*30,"p.I359L , p.D397A",p.A477T,359,477,SRS5,SRS6,0.8537400221079601,High,True,True,Predicted
*6/*65,p.K273fs(delA),p.E326D,273,326,Non-SRS,I-helix,0.8533885498543385,High,False,True,Predicted
*17/*62,p.P382S,p.R125C,382,125,SRS5,SRS1,0.853048142803362,High,True,True,Predicted
*3/*18,p.I359L,"p.I359L , p.D397A",359,359,SRS5,SRS5,0.8521044034368889,High,True,True,Predicted
*18/*18,"p.I359L , p.D397A","p.I359L , p.D397A",359,359,SRS5,SRS5,0.8521044034368889,High,True,True,Predicted
*43/*58,p.R124W,p.P337T,124,337,SRS1,I-helix,0.8518617302530468,High,True,True,Predicted
*3/*21,p.I359L,p.P30L,359,30,SRS5,Non-SRS,0.8517684438394417,High,True,True,Predicted
*18/*21,"p.I359L , p.D397A",p.P30L,359,30,SRS5,Non-SRS,0.8517684438394417,High,True,True,Predicted
*42/*67,p.R124Q,p.R433W,124,433,SRS1,SRS6,0.8516580015923657,High,True,True,Predicted
*40/*54,p.F110S,p.S343R,110,343,SRS1,Non-SRS,0.8512936933969522,High,True,True,Predicted
*13/*66,p.L90P,p.L362V,90,362,Helix,SRS5,0.8504328468853586,High,True,True,Predicted
*14/*34,p.R125H; p.R125L,p.R132Q,125,132,SRS1,Non-SRS,0.8495804023482276,Moderate,True,True,Predicted
*18/*46,"p.I359L , p.D397A",p.A149T,359,149,SRS5,Non-SRS,0.8491857047825582,Moderate,True,True,Predicted
*28/*62,p.Q214L,p.R125C,214,125,SRS2,SRS1,0.8489228622417362,Moderate,True,True,Predicted
*42/*57,p.R124Q,p.N204H,124,204,SRS1,SRS2,0.8483692959138951,Moderate,True,True,Predicted
*40/*71,p.F110S,"p.E272G , p.P489S",110,272,SRS1,Non-SRS,0.8480294695577115,Moderate,True,True,Predicted
*3/*62,p.I359L,p.R125C,359,125,SRS5,SRS1,0.8478900496371842,Moderate,True,True,Predicted
*18/*62,"p.I359L , p.D397A",p.R125C,359,125,SRS5,SRS1,0.8478900496371842,Moderate,True,True,Predicted
*3/*69,p.I359L,p.D191G,359,191,SRS5,Non-SRS,0.8459213954057236,Moderate,True,True,Predicted
*18/*69,"p.I359L , p.D397A",p.D191G,359,191,SRS5,Non-SRS,0.8459213954057236,Moderate,True,True,Predicted
*13/*70,p.L90P,p.G442V,90,442,Helix,SRS6,0.8455826839613196,Moderate,True,True,Predicted
*13/*56,p.L90P,p.I387V,90,387,Helix,SRS5,0.8448269681498697,Moderate,True,True,Predicted
*62/*64,p.R125C,p.S280C,125,280,SRS1,Non-SRS,0.8446834607792104,Moderate,True,True,Predicted
*13/*18,p.L90P,"p.I359L , p.D397A",90,359,Helix,SRS5,0.8439953985400394,Moderate,True,True,Predicted
*13/*74,p.L90P,p.Q214H,90,214,Helix,SRS2,0.843971863818698,Moderate,True,True,Predicted
*33/*56,p.R132Q,p.I387V,132,387,Non-SRS,SRS5,0.8435744414344883,Moderate,True,True,Predicted
*34/*56,p.R132Q,p.I387V,132,387,Non-SRS,SRS5,0.8435744414344883,Moderate,True,True,Predicted
*48/*62,p.I207T,p.R125C,207,125,SRS2,SRS1,0.8429914832122917,Moderate,True,True,Predicted
*62/*73,p.R125C,p.R150C,125,150,SRS1,Non-SRS,0.8418956393518161,Moderate,True,True,Predicted
*40/*69,p.F110S,p.D191G,110,191,SRS1,Non-SRS,0.8416769450168476,Moderate,True,True,Predicted
*24/*63,p.E354K,p.R144H,354,144,Non-SRS,Non-SRS,0.8413916520821938,Moderate,True,True,Predicted
*24/*73,p.E354K,p.R150C,354,150,Non-SRS,Non-SRS,0.8410107787610389,Moderate,True,True,Predicted
*19/*43,p.Q454H,p.R124W,454,124,SRS6,SRS1,0.8409860459731263,Moderate,True,True,Predicted
*62/*69,p.R125C,p.D191G,125,191,SRS1,Non-SRS,0.8400834508818582,Moderate,True,True,Predicted
*39/*73,p.G98V,p.R150C,98,150,SRS1,Non-SRS,0.8400419120004744,Moderate,True,True,Predicted
*53/*62,p.P317S,p.R125C,317,125,SRS4,SRS1,0.8393953204368979,Moderate,True,True,Predicted
*38/*62,p.G96A,p.R125C,96,125,Helix,SRS1,0.8387792926766581,Moderate,True,True,Predicted
*50/*62,p.P227S,p.R125C,227,125,SRS2,SRS1,0.8385676206036906,Moderate,True,True,Predicted
*52/*62,p.T299R,p.R125C,299,125,SRS4,SRS1,0.8381541846322722,Moderate,True,True,Predicted
*43/*51,p.R124W,p.I284V,124,284,SRS1,Non-SRS,0.8372957510721797,Moderate,True,True,Predicted
*33/*53,p.R132Q,p.P317S,132,317,Non-SRS,SRS4,0.8370863052653742,Moderate,True,True,Predicted
*34/*53,p.R132Q,p.P317S,132,317,Non-SRS,SRS4,0.8370863052653742,Moderate,True,True,Predicted
*15/*36,p.S162X,"p.M1V , p.D360E",162,1,Non-SRS,Non-SRS,0.8368491904356778,Moderate,False,True,Predicted
*29/*62,p.P279T,p.R125C,279,125,Non-SRS,SRS1,0.8366622656780157,Moderate,True,True,Predicted
*43/*60,p.R124W,p.L467P,124,467,SRS1,SRS6,0.8364857941070478,Moderate,True,True,Predicted
*13/*67,p.L90P,p.R433W,90,433,Helix,SRS6,0.8359880347326255,Moderate,True,True,Predicted
*62/*71,p.R125C,"p.E272G , p.P489S",125,272,SRS1,Non-SRS,0.835313704055617,Moderate,True,True,Predicted
*43/*73,p.R124W,p.R150C,124,150,SRS1,Non-SRS,0.8352651936404953,Moderate,True,True,Predicted
*41/*42,p.K119R,p.R124Q,119,124,SRS1,SRS1,0.8351164153839297,Moderate,True,True,Predicted
*10/*62,p.E272G,p.R125C,272,125,Non-SRS,SRS1,0.8348748143567792,Moderate,True,True,Predicted
*54/*62,p.S343R,p.R125C,343,125,Non-SRS,SRS1,0.8347718700263733,Moderate,True,True,Predicted
*21/*62,p.P30L,p.R125C,30,125,Non-SRS,SRS1,0.8345827605001191,Moderate,True,True,Predicted
*13/*69,p.L90P,p.D191G,90,191,Helix,Non-SRS,0.8341594225624354,Moderate,True,True,Predicted
*3/*47,p.I359L,p.P163L,359,163,SRS5,Non-SRS,0.8341590753132267,Moderate,True,True,Predicted
*18/*47,"p.I359L , p.D397A",p.P163L,359,163,SRS5,Non-SRS,0.8341590753132267,Moderate,True,True,Predicted
*40/*44,p.F110S,p.T130R; p.T130M,110,130,SRS1,Non-SRS,0.833925555855553,Moderate,True,True,Predicted
*26/*40,p.T130R; p.T130M,p.F110S,130,110,Non-SRS,SRS1,0.8335671790873093,Moderate,True,True,Predicted
*21/*40,p.P30L,p.F110S,30,110,Non-SRS,SRS1,0.8328149838445869,Moderate,True,True,Predicted
*43/*65,p.R124W,p.E326D,124,326,SRS1,I-helix,0.8324822589331472,Moderate,True,True,Predicted
*15/*22,p.S162X,p.N41D,162,41,Non-SRS,Non-SRS,0.8319875312129855,Moderate,False,True,Predicted
*34/*46,p.R132Q,p.A149T,132,149,Non-SRS,Non-SRS,0.8312660898930138,Moderate,True,True,Predicted
*42/*71,p.R124Q,"p.E272G , p.P489S",124,272,SRS1,Non-SRS,0.831188246477642,Moderate,True,True,Predicted
*13/*22,p.L90P,p.N41D,90,41,Helix,Non-SRS,0.8302593487031475,Moderate,True,True,Predicted
*34/*48,p.R132Q,p.I207T,132,207,Non-SRS,SRS2,0.8299764961983134,Moderate,True,True,Predicted
*33/*48,p.R132Q,p.I207T,132,207,Non-SRS,SRS2,0.8299764961983134,Moderate,True,True,Predicted
*43/*75,p.R124W,p.N418T,124,418,SRS1,Non-SRS,0.8293936538022371,Moderate,True,True,Predicted
*43/*70,p.R124W,p.G442V,124,442,SRS1,SRS6,0.8293027613295736,Moderate,True,True,Predicted
*13/*54,p.L90P,p.S343R,90,343,Helix,Non-SRS,0.8292405982951108,Moderate,True,True,Predicted
*34/*37,p.R132Q,p.D49G,132,49,Non-SRS,Non-SRS,0.8282900797259276,Moderate,True,True,Predicted
*34/*44,p.R132Q,p.T130R; p.T130M,132,130,Non-SRS,Non-SRS,0.8281962863392737,Moderate,True,True,Predicted
*19/*39,p.Q454H,p.G98V,454,98,SRS6,SRS1,0.8280350361834609,Moderate,True,True,Predicted
*62/*67,p.R125C,p.R433W,125,433,SRS1,SRS6,0.8280050469450976,Moderate,True,True,Predicted
*34/*69,p.R132Q,p.D191G,132,191,Non-SRS,Non-SRS,0.8272830511796557,Moderate,True,True,Predicted
*33/*69,p.R132Q,p.D191G,132,191,Non-SRS,Non-SRS,0.8272830511796557,Moderate,True,True,Predicted
*57/*62,p.N204H,p.R125C,204,125,SRS2,SRS1,0.8270143722894256,Moderate,True,True,Predicted
*20/*40,p.G70R,p.F110S,70,110,Non-SRS,SRS1,0.8269692667302959,Moderate,True,True,Predicted
*21/*52,p.P30L,p.T299R,30,299,Non-SRS,SRS4,0.826303095733632,Moderate,True,True,Predicted
*41/*62,p.K119R,p.R125C,119,125,SRS1,SRS1,0.8262217087325532,Moderate,True,True,Predicted
*62/*72,p.R125C,p.A149V,125,149,SRS1,Non-SRS,0.8258510550634719,Moderate,True,True,Predicted
*20/*45,p.G70R,p.R132W,70,132,Non-SRS,Non-SRS,0.8249792035517451,Moderate,True,True,Predicted
*3/*75,p.I359L,p.N418T,359,418,SRS5,Non-SRS,0.8246984330806932,Moderate,True,True,Predicted
*18/*75,"p.I359L , p.D397A",p.N418T,359,418,SRS5,Non-SRS,0.8246984330806932,Moderate,True,True,Predicted
*34/*71,p.R132Q,"p.E272G , p.P489S",132,272,Non-SRS,Non-SRS,0.8245669617243725,Moderate,True,True,Predicted
*33/*71,p.R132Q,"p.E272G , p.P489S",132,272,Non-SRS,Non-SRS,0.8245669617243725,Moderate,True,True,Predicted
*10/*52,p.E272G,p.T299R,272,299,Non-SRS,SRS4,0.8233663071326548,Moderate,True,True,Predicted
*3/*72,p.I359L,p.A149V,359,149,SRS5,Non-SRS,0.8233411821878152,Moderate,True,True,Predicted
*18/*72,"p.I359L , p.D397A",p.A149V,359,149,SRS5,Non-SRS,0.8233411821878152,Moderate,True,True,Predicted
*18/*26,"p.I359L , p.D397A",p.T130R; p.T130M,359,130,SRS5,Non-SRS,0.8233028288657206,Moderate,True,True,Predicted
*18/*44,"p.I359L , p.D397A",p.T130R; p.T130M,359,130,SRS5,Non-SRS,0.8233028288657206,Moderate,True,True,Predicted
*16/*62,p.T299A,p.R125C,299,125,SRS4,SRS1,0.8231370418484433,Moderate,True,True,Predicted
*34/*72,p.R132Q,p.A149V,132,149,Non-SRS,Non-SRS,0.8230601093626683,Moderate,True,True,Predicted
*33/*72,p.R132Q,p.A149V,132,149,Non-SRS,Non-SRS,0.8230601093626683,Moderate,True,True,Predicted
*27/*43,p.R150H; p.R150L,p.R124W,150,124,Non-SRS,SRS1,0.823017162368896,Moderate,True,True,Predicted
*48/*52,p.I207T,p.T299R,207,299,SRS2,SRS4,0.8224209763493375,Moderate,True,True,Predicted
*17/*40,p.P382S,p.F110S,382,110,SRS5,SRS1,0.8221285267463867,Moderate,True,True,Predicted
*19/*24,p.Q454H,p.E354K,454,354,SRS6,Non-SRS,0.822037192951587,Moderate,True,True,Predicted
*3/*71,p.I359L,"p.E272G , p.P489S",359,272,SRS5,Non-SRS,0.8215325484377973,Moderate,True,True,Predicted
*3/*10,p.I359L,p.E272G,359,272,SRS5,Non-SRS,0.8215325484377973,Moderate,True,True,Predicted
*18/*71,"p.I359L , p.D397A","p.E272G , p.P489S",359,272,SRS5,Non-SRS,0.8215325484377973,Moderate,True,True,Predicted
*6/*27,p.K273fs(delA),p.R150H; p.R150L,273,150,Non-SRS,Non-SRS,0.8211983576951993,Moderate,False,True,Predicted
*39/*66,p.G98V,p.L362V,98,362,SRS1,SRS5,0.8197957684597145,Moderate,True,True,Predicted
*23/*34,p.V76M,p.R132Q,76,132,Non-SRS,Non-SRS,0.8191547578924464,Moderate,True,True,Predicted
*18/*55,"p.I359L , p.D397A",p.L361I,359,361,SRS5,SRS5,0.8188432523733711,Moderate,True,True,Predicted
*3/*66,p.I359L,p.L362V,359,362,SRS5,SRS5,0.818655256357835,Moderate,True,True,Predicted
*18/*66,"p.I359L , p.D397A",p.L362V,359,362,SRS5,SRS5,0.818655256357835,Moderate,True,True,Predicted
*39/*47,p.G98V,p.P163L,98,163,SRS1,Non-SRS,0.8179152751293954,Moderate,True,True,Predicted
*33/*64,p.R132Q,p.S280C,132,280,Non-SRS,Non-SRS,0.8178539561514855,Moderate,True,True,Predicted
*34/*64,p.R132Q,p.S280C,132,280,Non-SRS,Non-SRS,0.8178539561514855,Moderate,True,True,Predicted
*39/*72,p.G98V,p.A149V,98,149,SRS1,Non-SRS,0.8175157997374574,Moderate,True,True,Predicted
*5/*62,p.D360E,p.R125C,360,125,SRS5,SRS1,0.8170011464860996,Moderate,True,True,Predicted
*13/*17,p.L90P,p.P382S,90,382,Helix,SRS5,0.8168695356407832,Moderate,True,True,Predicted
*19/*33,p.Q454H,p.R132Q,454,132,SRS6,Non-SRS,0.816034528951128,Moderate,True,True,Predicted
*19/*34,p.Q454H,p.R132Q,454,132,SRS6,Non-SRS,0.816034528951128,Moderate,True,True,Predicted
*49/*52,p.I222V,p.T299R,222,299,SRS2,SRS4,0.8148538895237103,Moderate,True,True,Predicted
*13/*73,p.L90P,p.R150C,90,150,Helix,Non-SRS,0.8147006770980078,Moderate,True,True,Predicted
*40/*73,p.F110S,p.R150C,110,150,SRS1,Non-SRS,0.8141143589516691,Moderate,True,True,Predicted
*39/*49,p.G98V,p.I222V,98,222,SRS1,SRS2,0.8134532106034865,Moderate,True,True,Predicted
*33/*54,p.R132Q,p.S343R,132,343,Non-SRS,Non-SRS,0.8117603105700293,Moderate,True,True,Predicted
*34/*54,p.R132Q,p.S343R,132,343,Non-SRS,Non-SRS,0.8117603105700293,Moderate,True,True,Predicted
*6/*51,p.K273fs(delA),p.I284V,273,284,Non-SRS,Non-SRS,0.8093337910314348,Moderate,False,True,Predicted
*39/*64,p.G98V,p.S280C,98,280,SRS1,Non-SRS,0.8092164687248513,Moderate,True,True,Predicted
*13/*19,p.L90P,p.Q454H,90,454,Helix,SRS6,0.8077100769668296,Moderate,True,True,Predicted
*60/*62,p.L467P,p.R125C,467,125,SRS6,SRS1,0.8074500239901572,Moderate,True,True,Predicted
*39/*60,p.G98V,p.L467P,98,467,SRS1,SRS6,0.8073381440104151,Moderate,True,True,Predicted
*18/*54,"p.I359L , p.D397A",p.S343R,359,343,SRS5,Non-SRS,0.8069606436070272,Moderate,True,True,Predicted
*3/*54,p.I359L,p.S343R,359,343,SRS5,Non-SRS,0.8069606436070272,Moderate,True,True,Predicted
*39/*41,p.G98V,p.K119R,98,119,SRS1,SRS1,0.8064814936437021,Moderate,True,True,Predicted
*32/*42,p.V490F,p.R124Q,490,124,SRS6,SRS1,0.8057301775500736,Moderate,True,True,Predicted
*10/*41,p.E272G,p.K119R,272,119,Non-SRS,SRS1,0.8056850934779226,Moderate,True,True,Predicted
*19/*45,p.Q454H,p.R132W,454,132,SRS6,Non-SRS,0.8043832835606566,Moderate,True,True,Predicted
*39/*53,p.G98V,p.P317S,98,317,SRS1,SRS4,0.8043047031220056,Moderate,True,True,Predicted
*45/*57,p.R132W,p.N204H,132,204,Non-SRS,SRS2,0.8042568869795891,Moderate,True,True,Predicted
*52/*67,p.T299R,p.R433W,299,433,SRS4,SRS6,0.8042300715156387,Moderate,True,True,Predicted
*17/*57,p.P382S,p.N204H,382,204,SRS5,SRS2,0.8041044632263836,Moderate,True,True,Predicted
*21/*35,p.P30L,"p.R125H; p.R125L , p.R144C",30,125,Non-SRS,SRS1,0.8037066914209199,Moderate,True,True,Predicted
*39/*70,p.G98V,p.G442V,98,442,SRS1,SRS6,0.8030935795478904,Moderate,True,True,Predicted
*18/*56,"p.I359L , p.D397A",p.I387V,359,387,SRS5,SRS5,0.8029637522539238,Moderate,True,True,Predicted
*3/*56,p.I359L,p.I387V,359,387,SRS5,SRS5,0.8029637522539238,Moderate,True,True,Predicted
*32/*62,p.V490F,p.R125C,490,125,SRS6,SRS1,0.8029332034398888,Moderate,True,True,Predicted
*33/*65,p.R132Q,p.E326D,132,326,Non-SRS,I-helix,0.8022824915562459,Moderate,True,True,Predicted
*34/*65,p.R132Q,p.E326D,132,326,Non-SRS,I-helix,0.8022824915562459,Moderate,True,True,Predicted
*18/*37,"p.I359L , p.D397A",p.D49G,359,49,SRS5,Non-SRS,0.8018661695383794,Moderate,True,True,Predicted
*58/*62,p.P337T,p.R125C,337,125,I-helix,SRS1,0.8015811255518345,Moderate,True,True,Predicted
*39/*48,p.G98V,p.I207T,98,207,SRS1,SRS2,0.8013737872011976,Moderate,True,True,Predicted
*45/*67,p.R132W,p.R433W,132,433,Non-SRS,SRS6,0.8011655648963145,Moderate,True,True,Predicted
*31/*62,p.I327T,p.R125C,327,125,I-helix,SRS1,0.8007392479404664,Moderate,True,True,Predicted
*3/*65,p.I359L,p.E326D,359,326,SRS5,I-helix,0.8004966565017262,Moderate,True,True,Predicted
*18/*65,"p.I359L , p.D397A",p.E326D,359,326,SRS5,I-helix,0.8004966565017262,Moderate,True,True,Predicted
*67/*67,p.R433W,p.R433W,433,433,SRS6,SRS6,0.8003635166633463,Moderate,True,True,Predicted
*43/*63,p.R124W,p.R144H,124,144,SRS1,Non-SRS,0.798943594208358,Moderate,True,True,Predicted
*55/*62,p.L361I,p.R125C,361,125,SRS5,SRS1,0.7976865976258103,Moderate,True,True,Predicted
*62/*65,p.R125C,p.E326D,125,326,SRS1,I-helix,0.7974926721583343,Moderate,True,True,Predicted
*17/*67,p.P382S,p.R433W,382,433,SRS5,SRS6,0.7971244662941177,Moderate,True,True,Predicted
*33/*73,p.R132Q,p.R150C,132,150,Non-SRS,Non-SRS,0.796339528311029,Moderate,True,True,Predicted
*34/*73,p.R132Q,p.R150C,132,150,Non-SRS,Non-SRS,0.796339528311029,Moderate,True,True,Predicted
*37/*40,p.D49G,p.F110S,49,110,Non-SRS,SRS1,0.7961028105446153,Moderate,True,True,Predicted
*33/*60,p.R132Q,p.L467P,132,467,Non-SRS,SRS6,0.7954613957112141,Moderate,True,True,Predicted
*34/*60,p.R132Q,p.L467P,132,467,Non-SRS,SRS6,0.7954613957112141,Moderate,True,True,Predicted
*18/*38,"p.I359L , p.D397A",p.G96A,359,96,SRS5,Helix,0.7953101172692507,Moderate,True,True,Predicted
*53/*67,p.P317S,p.R433W,317,433,SRS4,SRS6,0.7947645104990864,Moderate,True,True,Predicted
*39/*56,p.G98V,p.I387V,98,387,SRS1,SRS5,0.7945717753805088,Moderate,True,True,Predicted
*20/*62,p.G70R,p.R125C,70,125,Non-SRS,SRS1,0.7942617702010231,Moderate,True,True,Predicted
*34/*75,p.R132Q,p.N418T,132,418,Non-SRS,Non-SRS,0.7941017951562266,Moderate,True,True,Predicted
*33/*75,p.R132Q,p.N418T,132,418,Non-SRS,Non-SRS,0.7941017951562266,Moderate,True,True,Predicted
*34/*51,p.R132Q,p.I284V,132,284,Non-SRS,Non-SRS,0.7937164625624203,Moderate,True,True,Predicted
*33/*51,p.R132Q,p.I284V,132,284,Non-SRS,Non-SRS,0.7937164625624203,Moderate,True,True,Predicted
*27/*39,p.R150H; p.R150L,p.G98V,150,98,Non-SRS,SRS1,0.792636706069818,Moderate,True,True,Predicted
*34/*58,p.R132Q,p.P337T,132,337,Non-SRS,I-helix,0.7925970334700536,Moderate,True,True,Predicted
*33/*58,p.R132Q,p.P337T,132,337,Non-SRS,I-helix,0.7925970334700536,Moderate,True,True,Predicted
*42/*70,p.R124Q,p.G442V,124,442,SRS1,SRS6,0.7917273404674843,Moderate,True,True,Predicted
*12/*62,p.P489S,p.R125C,489,125,SRS6,SRS1,0.7917273024347473,Moderate,True,True,Predicted
*62/*70,p.R125C,p.G442V,125,442,SRS1,SRS6,0.7916740690583254,Moderate,True,True,Predicted
*42/*54,p.R124Q,p.S343R,124,343,SRS1,Non-SRS,0.7902506302547984,Moderate,True,True,Predicted
*32/*67,p.V490F,p.R433W,490,433,SRS6,SRS6,0.7902468558321187,Moderate,True,True,Predicted
*3/*41,p.I359L,p.K119R,359,119,SRS5,SRS1,0.7898943401814009,Moderate,True,True,Predicted
*18/*41,"p.I359L , p.D397A",p.K119R,359,119,SRS5,SRS1,0.7898943401814009,Moderate,True,True,Predicted
*39/*58,p.G98V,p.P337T,98,337,SRS1,I-helix,0.7897829364745443,Moderate,True,True,Predicted
*35/*57,"p.R125H; p.R125L , p.R144C",p.N204H,125,204,SRS1,SRS2,0.788038739779173,Moderate,True,True,Predicted
*14/*57,p.R125H; p.R125L,p.N204H,125,204,SRS1,SRS2,0.788038739779173,Moderate,True,True,Predicted
*42/*74,p.R124Q,p.Q214H,124,214,SRS1,SRS2,0.7872000945515625,Moderate,True,True,Predicted
*26/*62,p.T130R; p.T130M,p.R125C,130,125,Non-SRS,SRS1,0.7871607851863516,Moderate,True,True,Predicted
*44/*62,p.T130R; p.T130M,p.R125C,130,125,Non-SRS,SRS1,0.7871607851863516,Moderate,True,True,Predicted
*30/*62,p.A477T,p.R125C,477,125,SRS6,SRS1,0.7865056742386842,Moderate,True,True,Predicted
*64/*67,p.S280C,p.R433W,280,433,Non-SRS,SRS6,0.7864521707499847,Moderate,True,True,Predicted
*40/*40,p.F110S,p.F110S,110,110,SRS1,SRS1,0.7860848994871045,Moderate,True,True,Predicted
*33/*47,p.R132Q,p.P163L,132,163,Non-SRS,Non-SRS,0.7858236898024705,Moderate,True,True,Predicted
*34/*47,p.R132Q,p.P163L,132,163,Non-SRS,Non-SRS,0.7858236898024705,Moderate,True,True,Predicted
*56/*62,p.I387V,p.R125C,387,125,SRS5,SRS1,0.7856555198573644,Moderate,True,True,Predicted
*62/*75,p.R125C,p.N418T,125,418,SRS1,Non-SRS,0.7855010482864695,Moderate,True,True,Predicted
*35/*62,"p.R125H; p.R125L , p.R144C",p.R125C,125,125,SRS1,SRS1,0.7852264668681606,Moderate,True,True,Predicted
*14/*62,p.R125H; p.R125L,p.R125C,125,125,SRS1,SRS1,0.7852264668681606,Moderate,True,True,Predicted
*39/*75,p.G98V,p.N418T,98,418,SRS1,Non-SRS,0.7841199373454029,Moderate,True,True,Predicted
*6/*36,p.K273fs(delA),"p.M1V , p.D360E",273,1,Non-SRS,Non-SRS,0.7839624121009326,Moderate,False,True,Predicted
*60/*67,p.L467P,p.R433W,467,433,SRS6,SRS6,0.7836777754032893,Moderate,True,True,Predicted
*18/*49,"p.I359L , p.D397A",p.I222V,359,222,SRS5,SRS2,0.7835915771337005,Moderate,True,True,Predicted
*3/*49,p.I359L,p.I222V,359,222,SRS5,SRS2,0.7835915771337005,Moderate,True,True,Predicted
*34/*70,p.R132Q,p.G442V,132,442,Non-SRS,SRS6,0.783265574566427,Moderate,True,True,Predicted
*33/*70,p.R132Q,p.G442V,132,442,Non-SRS,SRS6,0.783265574566427,Moderate,True,True,Predicted
*17/*74,p.P382S,p.Q214H,382,214,SRS5,SRS2,0.7825734526326953,Moderate,True,True,Predicted
*6/*59,p.K273fs(delA),p.I434F,273,434,Non-SRS,SRS6,0.782240831812552,Moderate,False,True,Predicted
*16/*67,p.T299A,p.R433W,299,433,SRS4,SRS6,0.7811467087445995,Moderate,True,True,Predicted
*18/*35,"p.I359L , p.D397A","p.R125H; p.R125L , p.R144C",359,125,SRS5,SRS1,0.7808007224005707,Moderate,True,True,Predicted
*28/*67,p.Q214L,p.R433W,214,433,SRS2,SRS6,0.7805518557634172,Moderate,True,True,Predicted
*49/*62,p.I222V,p.R125C,222,125,SRS2,SRS1,0.7804880930634158,Moderate,True,True,Predicted
*41/*67,p.K119R,p.R433W,119,433,SRS1,SRS6,0.7788357865869469,Moderate,True,True,Predicted
*27/*42,p.R150H; p.R150L,p.R124Q,150,124,Non-SRS,SRS1,0.7787532053920878,Moderate,True,True,Predicted
*40/*70,p.F110S,p.G442V,110,442,SRS1,SRS6,0.7785783208938039,Moderate,True,True,Predicted
*21/*67,p.P30L,p.R433W,30,433,Non-SRS,SRS6,0.7781562240857867,Moderate,True,True,Predicted
*6/*7,p.K273fs(delA),p.L19I,273,19,Non-SRS,Non-SRS,0.7781371972646898,Moderate,False,True,Predicted
*5/*67,p.D360E,p.R433W,360,433,SRS5,SRS6,0.7776196330415053,Moderate,True,True,Predicted
*10/*67,p.E272G,p.R433W,272,433,Non-SRS,SRS6,0.776376727071884,Moderate,True,True,Predicted
*6/*22,p.K273fs(delA),p.N41D,273,41,Non-SRS,Non-SRS,0.7759543491961887,Moderate,False,True,Predicted
*42/*64,p.R124Q,p.S280C,124,280,SRS1,Non-SRS,0.7755541477919782,Moderate,True,True,Predicted
*10/*35,p.E272G,"p.R125H; p.R125L , p.R144C",272,125,Non-SRS,SRS1,0.7752954964779464,Moderate,True,True,Predicted
*10/*14,p.E272G,p.R125H; p.R125L,272,125,Non-SRS,SRS1,0.7752954964779464,Moderate,True,True,Predicted
*10/*13,p.E272G,p.L90P,272,90,Non-SRS,Helix,0.7752935685967786,Moderate,True,True,Predicted
*42/*73,p.R124Q,p.R150C,124,150,SRS1,Non-SRS,0.7751978116299147,Moderate,True,True,Predicted
*67/*74,p.R433W,p.Q214H,433,214,SRS6,SRS2,0.774487632065581,Moderate,True,True,Predicted
*39/*65,p.G98V,p.E326D,98,326,SRS1,I-helix,0.7741273913507949,Moderate,True,True,Predicted
*3/*19,p.I359L,p.Q454H,359,454,SRS5,SRS6,0.7738646421513107,Moderate,True,True,Predicted
*18/*19,"p.I359L , p.D397A",p.Q454H,359,454,SRS5,SRS6,0.7738646421513107,Moderate,True,True,Predicted
*41/*57,p.K119R,p.N204H,119,204,SRS1,SRS2,0.7727009624353688,Moderate,True,True,Predicted
*29/*67,p.P279T,p.R433W,279,433,Non-SRS,SRS6,0.7722219164696601,Moderate,True,True,Predicted
*41/*71,p.K119R,"p.E272G , p.P489S",119,272,SRS1,Non-SRS,0.7721814381218697,Moderate,True,True,Predicted
*10/*18,p.E272G,"p.I359L , p.D397A",272,359,Non-SRS,SRS5,0.7717238764244136,Moderate,True,True,Predicted
*48/*67,p.I207T,p.R433W,207,433,SRS2,SRS6,0.7714753182766616,Moderate,True,True,Predicted
*37/*62,p.D49G,p.R125C,49,125,Non-SRS,SRS1,0.7712570269376827,Moderate,True,True,Predicted
*27/*33,p.R150H; p.R150L,p.R132Q,150,132,Non-SRS,Non-SRS,0.7710509912529163,Moderate,True,True,Predicted
*8/*34,p.R150H; p.R150L,p.R132Q,150,132,Non-SRS,Non-SRS,0.7710509912529163,Moderate,True,True,Predicted
*27/*34,p.R150H; p.R150L,p.R132Q,150,132,Non-SRS,Non-SRS,0.7710509912529163,Moderate,True,True,Predicted
*33/*36,p.R132Q,"p.M1V , p.D360E",132,1,Non-SRS,Non-SRS,0.7694228884602218,Moderate,True,True,Predicted
*34/*36,p.R132Q,"p.M1V , p.D360E",132,1,Non-SRS,Non-SRS,0.7694228884602218,Moderate,True,True,Predicted
*55/*67,p.L361I,p.R433W,361,433,SRS5,SRS6,0.7693974066978607,Moderate,True,True,Predicted
*23/*62,p.V76M,p.R125C,76,125,Non-SRS,SRS1,0.7687956601057984,Moderate,True,True,Predicted
*20/*24,p.G70R,p.E354K,70,354,Non-SRS,Non-SRS,0.768466145838663,Moderate,True,True,Predicted
*50/*67,p.P227S,p.R433W,227,433,SRS2,SRS6,0.7663161024899743,Moderate,True,True,Predicted
*20/*34,p.G70R,p.R132Q,70,132,Non-SRS,Non-SRS,0.7651312683356168,Moderate,True,True,Predicted
*20/*33,p.G70R,p.R132Q,70,132,Non-SRS,Non-SRS,0.7651312683356168,Moderate,True,True,Predicted
*45/*53,p.R132W,p.P317S,132,317,Non-SRS,SRS4,0.7648613321228744,Moderate,True,True,Predicted
*66/*67,p.L362V,p.R433W,362,433,SRS5,SRS6,0.7646746514441439,Moderate,True,True,Predicted
*54/*67,p.S343R,p.R433W,343,433,Non-SRS,SRS6,0.7641149430590611,Moderate,True,True,Predicted
*56/*67,p.I387V,p.R433W,387,433,SRS5,SRS6,0.7637317168783367,Moderate,True,True,Predicted
*10/*57,p.E272G,p.N204H,272,204,Non-SRS,SRS2,0.7629632887876641,Moderate,True,True,Predicted
*39/*51,p.G98V,p.I284V,98,284,SRS1,Non-SRS,0.7605901083296632,Moderate,True,True,Predicted
*62/*63,p.R125C,p.R144H,125,144,SRS1,Non-SRS,0.7600742193159613,Moderate,True,True,Predicted
*21/*57,p.P30L,p.N204H,30,204,Non-SRS,SRS2,0.7596395959530129,Moderate,True,True,Predicted
*57/*67,p.N204H,p.R433W,204,433,SRS2,SRS6,0.7579841272802128,Moderate,True,True,Predicted
*30/*67,p.A477T,p.R433W,477,433,SRS6,SRS6,0.7578681919530155,Moderate,True,True,Predicted
*6/*63,p.K273fs(delA),p.R144H,273,144,Non-SRS,Non-SRS,0.7552822221800127,Moderate,False,True,Predicted
*42/*60,p.R124Q,p.L467P,124,467,SRS1,SRS6,0.7551691998291166,Moderate,True,True,Predicted
*39/*63,p.G98V,p.R144H,98,144,SRS1,Non-SRS,0.7545007667538093,Moderate,True,True,Predicted
*31/*34,p.I327T,p.R132Q,327,132,I-helix,Non-SRS,0.7528505887387194,Moderate,True,True,Predicted
*19/*62,p.Q454H,p.R125C,454,125,SRS6,SRS1,0.7524594144527295,Moderate,True,True,Predicted
*45/*74,p.R132W,p.Q214H,132,214,Non-SRS,SRS2,0.7521276952467268,Moderate,True,True,Predicted
*10/*50,p.E272G,p.P227S,272,227,Non-SRS,SRS2,0.7504238687952622,Moderate,True,True,Predicted
*49/*67,p.I222V,p.R433W,222,433,SRS2,SRS6,0.7502405311704752,Moderate,True,True,Predicted
*19/*40,p.Q454H,p.F110S,454,110,SRS6,SRS1,0.7501987654308527,Moderate,True,True,Predicted
*21/*41,p.P30L,p.K119R,30,119,Non-SRS,SRS1,0.7498573605154284,Moderate,True,True,Predicted
*32/*52,p.V490F,p.T299R,490,299,SRS6,SRS4,0.7485665755800397,Moderate,True,True,Predicted
*40/*60,p.F110S,p.L467P,110,467,SRS1,SRS6,0.7479972657740759,Moderate,True,True,Predicted
*58/*67,p.P337T,p.R433W,337,433,I-helix,SRS6,0.7474755176015155,Moderate,True,True,Predicted
*3/*22,p.I359L,p.N41D,359,41,SRS5,Non-SRS,0.7459899976514787,Moderate,True,True,Predicted
*18/*22,"p.I359L , p.D397A",p.N41D,359,41,SRS5,Non-SRS,0.7459899976514787,Moderate,True,True,Predicted
*27/*45,p.R150H; p.R150L,p.R132W,150,132,Non-SRS,Non-SRS,0.7459010693899437,Moderate,True,True,Predicted
*10/*55,p.E272G,p.L361I,272,361,Non-SRS,SRS5,0.7450209560948486,Moderate,True,True,Predicted
*2/*40,p.R144C,p.F110S,144,110,Non-SRS,SRS1,0.7446008954949508,Moderate,True,True,Predicted
*47/*62,p.P163L,p.R125C,163,125,Non-SRS,SRS1,0.743614225610866,Moderate,True,True,Predicted
*4/*62,p.I359T,p.R125C,359,125,SRS5,SRS1,0.7428884789345644,Moderate,True,True,Predicted
*4/*34,p.I359T,p.R132Q,359,132,SRS5,Non-SRS,0.7423223855491569,Moderate,True,True,Predicted
*10/*74,p.E272G,p.Q214H,272,214,Non-SRS,SRS2,0.7416609716110075,Moderate,True,True,Predicted
*71/*74,"p.E272G , p.P489S",p.Q214H,272,214,Non-SRS,SRS2,0.7416609716110075,Moderate,True,True,Predicted
*29/*40,p.P279T,p.F110S,279,110,Non-SRS,SRS1,0.7414686840840298,Moderate,True,True,Predicted
*12/*67,p.P489S,p.R433W,489,433,SRS6,SRS6,0.7400690559279431,Moderate,True,True,Predicted
*45/*70,p.R132W,p.G442V,132,442,Non-SRS,SRS6,0.7386411014691575,Moderate,True,True,Predicted
*42/*53,p.R124Q,p.P317S,124,317,SRS1,SRS4,0.7371565694478726,Moderate,True,True,Predicted
*24/*59,p.E354K,p.I434F,354,434,Non-SRS,SRS6,0.7367496084332325,Moderate,True,True,Predicted
*67/*70,p.R433W,p.G442V,433,442,SRS6,SRS6,0.7361976030215789,Moderate,True,True,Predicted
*10/*49,p.E272G,p.I222V,272,222,Non-SRS,SRS2,0.7359760667943887,Moderate,True,True,Predicted
*20/*35,p.G70R,"p.R125H; p.R125L , p.R144C",70,125,Non-SRS,SRS1,0.7352128098000722,Moderate,True,True,Predicted
*34/*63,p.R132Q,p.R144H,132,144,Non-SRS,Non-SRS,0.7350547628265851,Moderate,True,True,Predicted
*33/*63,p.R132Q,p.R144H,132,144,Non-SRS,Non-SRS,0.7350547628265851,Moderate,True,True,Predicted
*27/*35,p.R150H; p.R150L,"p.R125H; p.R125L , p.R144C",150,125,Non-SRS,SRS1,0.7348041176897696,Moderate,True,True,Predicted
*19/*42,p.Q454H,p.R124Q,454,124,SRS6,SRS1,0.734572739129622,Moderate,True,True,Predicted
*16/*40,p.T299A,p.F110S,299,110,SRS4,SRS1,0.7334967054755372,Moderate,True,True,Predicted
*10/*16,p.E272G,p.T299A,272,299,Non-SRS,SRS4,0.7328411315364178,Moderate,True,True,Predicted
*38/*40,p.G96A,p.F110S,96,110,Helix,SRS1,0.7324366659655142,Moderate,True,True,Predicted
*61/*62,"p.R144C , p.N457S",p.R125C,144,125,Non-SRS,SRS1,0.7318713230565528,Moderate,True,True,Predicted
*2/*62,p.R144C,p.R125C,144,125,Non-SRS,SRS1,0.7318713230565528,Moderate,True,True,Predicted
*28/*40,p.Q214L,p.F110S,214,110,SRS2,SRS1,0.7314779079154756,Moderate,True,True,Predicted
*14/*74,p.R125H; p.R125L,p.Q214H,125,214,SRS1,SRS2,0.7313311293426676,Moderate,True,True,Predicted
*35/*74,"p.R125H; p.R125L , p.R144C",p.Q214H,125,214,SRS1,SRS2,0.7313311293426676,Moderate,True,True,Predicted
*18/*23,"p.I359L , p.D397A",p.V76M,359,76,SRS5,Non-SRS,0.729737797364227,Moderate,True,True,Predicted
*47/*52,p.P163L,p.T299R,163,299,Non-SRS,SRS4,0.7294002408424022,Moderate,True,True,Predicted
*27/*62,p.R150H; p.R150L,p.R125C,150,125,Non-SRS,SRS1,0.7290802144999501,Moderate,True,True,Predicted
*8/*62,p.R150H; p.R150L,p.R125C,150,125,Non-SRS,SRS1,0.7290802144999501,Moderate,True,True,Predicted
*42/*48,p.R124Q,p.I207T,124,207,SRS1,SRS2,0.7287202109701681,Moderate,True,True,Predicted
*21/*74,p.P30L,p.Q214H,30,214,Non-SRS,SRS2,0.7275246667405962,Moderate,True,True,Predicted
*11/*40,p.R335W,p.F110S,335,110,I-helix,SRS1,0.7274709957114311,Moderate,True,True,Predicted
*42/*49,p.R124Q,p.I222V,124,222,SRS1,SRS2,0.7269755795402104,Moderate,True,True,Predicted
*20/*41,p.G70R,p.K119R,70,119,Non-SRS,SRS1,0.7269494009201147,Moderate,True,True,Predicted
*27/*52,p.R150H; p.R150L,p.T299R,150,299,Non-SRS,SRS4,0.7267672443712851,Moderate,True,True,Predicted
*70/*74,p.G442V,p.Q214H,442,214,SRS6,SRS2,0.7262188456316813,Moderate,True,True,Predicted
*14/*22,p.R125H; p.R125L,p.N41D,125,41,SRS1,Non-SRS,0.7260270173985681,Moderate,True,True,Predicted
*60/*74,p.L467P,p.Q214H,467,214,SRS6,SRS2,0.7250086399336706,Moderate,True,True,Predicted
*46/*62,p.A149T,p.R125C,149,125,Non-SRS,SRS1,0.7245841583312753,Moderate,True,True,Predicted
*11/*62,p.R335W,p.R125C,335,125,I-helix,SRS1,0.7236299716725324,Moderate,True,True,Predicted
*19/*67,p.Q454H,p.R433W,454,433,SRS6,SRS6,0.7232535198638668,Moderate,True,True,Predicted
*42/*69,p.R124Q,p.D191G,124,191,SRS1,Non-SRS,0.7232372370577872,Moderate,True,True,Predicted
*3/*73,p.I359L,p.R150C,359,150,SRS5,Non-SRS,0.7231315436218699,Moderate,True,True,Predicted
*18/*73,"p.I359L , p.D397A",p.R150C,359,150,SRS5,Non-SRS,0.7231315436218699,Moderate,True,True,Predicted
*32/*40,p.V490F,p.F110S,490,110,SRS6,SRS1,0.722502701231159,Moderate,True,True,Predicted
*18/*25,"p.I359L , p.D397A",,359,0,SRS5,Non-SRS,0.7220577489626383,Moderate,True,False,Predicted
*3/*59,p.I359L,p.I434F,359,434,SRS5,SRS6,0.7211357806432097,Moderate,True,True,Predicted
*18/*59,"p.I359L , p.D397A",p.I434F,359,434,SRS5,SRS6,0.7211357806432097,Moderate,True,True,Predicted
*40/*64,p.F110S,p.S280C,110,280,SRS1,Non-SRS,0.7207200316405946,Moderate,True,True,Predicted
*42/*66,p.R124Q,p.L362V,124,362,SRS1,SRS5,0.7205083646401738,Moderate,True,True,Predicted
*45/*66,p.R132W,p.L362V,132,362,Non-SRS,SRS5,0.7188081415423662,Moderate,True,True,Predicted
*45/*48,p.R132W,p.I207T,132,207,Non-SRS,SRS2,0.7184174032135913,Moderate,True,True,Predicted
*14/*20,p.R125H; p.R125L,p.G70R,125,70,SRS1,Non-SRS,0.7181147117965989,Moderate,True,True,Predicted
*10/*66,p.E272G,p.L362V,272,362,Non-SRS,SRS5,0.7171445451049803,Moderate,True,True,Predicted
*14/*40,p.R125H; p.R125L,p.F110S,125,110,SRS1,SRS1,0.7171398794328465,Moderate,True,True,Predicted
*35/*40,"p.R125H; p.R125L , p.R144C",p.F110S,125,110,SRS1,SRS1,0.7171398794328465,Moderate,True,True,Predicted
*45/*60,p.R132W,p.L467P,132,467,Non-SRS,SRS6,0.7162380982862705,Moderate,True,True,Predicted
*52/*71,p.T299R,"p.E272G , p.P489S",299,272,SRS4,Non-SRS,0.7151167512834676,Moderate,True,True,Predicted
*40/*50,p.F110S,p.P227S,110,227,SRS1,SRS2,0.7149959805706463,Moderate,True,True,Predicted
*31/*67,p.I327T,p.R433W,327,433,I-helix,SRS6,0.714110096483456,Moderate,True,True,Predicted
*30/*40,p.A477T,p.F110S,477,110,SRS6,SRS1,0.714010634526592,Moderate,True,True,Predicted
*45/*54,p.R132W,p.S343R,132,343,Non-SRS,Non-SRS,0.7140003878038876,Moderate,True,True,Predicted
*23/*67,p.V76M,p.R433W,76,433,Non-SRS,SRS6,0.7132772278707402,Moderate,True,True,Predicted
*42/*72,p.R124Q,p.A149V,124,149,SRS1,Non-SRS,0.7131122305300386,Moderate,True,True,Predicted
*45/*56,p.R132W,p.I387V,132,387,Non-SRS,SRS5,0.7127828243625541,Moderate,True,True,Predicted
*17/*21,p.P382S,p.P30L,382,30,SRS5,Non-SRS,0.7125427579349641,Moderate,True,True,Predicted
*26/*34,p.T130R; p.T130M,p.R132Q,130,132,Non-SRS,Non-SRS,0.7125272147490262,Moderate,True,True,Predicted
*19/*52,p.Q454H,p.T299R,454,299,SRS6,SRS4,0.7117847861429106,Moderate,True,True,Predicted
*31/*40,p.I327T,p.F110S,327,110,I-helix,SRS1,0.71139244716717,Moderate,True,True,Predicted
*17/*19,p.P382S,p.Q454H,382,454,SRS5,SRS6,0.7097883773096947,Moderate,True,True,Predicted
*52/*57,p.T299R,p.N204H,299,204,SRS4,SRS2,0.7097403119788825,Moderate,True,True,Predicted
*10/*53,p.E272G,p.P317S,272,317,Non-SRS,SRS4,0.7093969944485492,Moderate,True,True,Predicted
*45/*64,p.R132W,p.S280C,132,280,Non-SRS,Non-SRS,0.7089172757373007,Moderate,True,True,Predicted
*5/*40,p.D360E,p.F110S,360,110,SRS5,SRS1,0.7086210962647647,Moderate,True,True,Predicted
*3/*20,p.I359L,p.G70R,359,70,SRS5,Non-SRS,0.7083575521689118,Moderate,True,True,Predicted
*18/*20,"p.I359L , p.D397A",p.G70R,359,70,SRS5,Non-SRS,0.7083575521689118,Moderate,True,True,Predicted
*21/*38,p.P30L,p.G96A,30,96,Non-SRS,Helix,0.7079603686826624,Moderate,True,True,Predicted
*17/*18,p.P382S,"p.I359L , p.D397A",382,359,SRS5,SRS5,0.7076248255837383,Moderate,True,True,Predicted
*53/*57,p.P317S,p.N204H,317,204,SRS4,SRS2,0.707064877166876,Moderate,True,True,Predicted
*40/*49,p.F110S,p.I222V,110,222,SRS1,SRS2,0.7061202718022603,Moderate,True,True,Predicted
*10/*17,p.E272G,p.P382S,272,382,Non-SRS,SRS5,0.7059613993790761,Moderate,True,True,Predicted
*3/*27,p.I359L,p.R150H; p.R150L,359,150,SRS5,Non-SRS,0.7059510169016767,Moderate,True,True,Predicted
*18/*27,"p.I359L , p.D397A",p.R150H; p.R150L,359,150,SRS5,Non-SRS,0.7059510169016767,Moderate,True,True,Predicted
*10/*32,p.E272G,p.V490F,272,490,Non-SRS,SRS6,0.7058340898698165,Moderate,True,True,Predicted
*67/*71,p.R433W,"p.E272G , p.P489S",433,272,SRS6,Non-SRS,0.7053089868296643,Moderate,True,True,Predicted
*14/*69,p.R125H; p.R125L,p.D191G,125,191,SRS1,Non-SRS,0.7047932616274812,Moderate,True,True,Predicted
*35/*69,"p.R125H; p.R125L , p.R144C",p.D191G,125,191,SRS1,Non-SRS,0.7047932616274812,Moderate,True,True,Predicted
*42/*58,p.R124Q,p.P337T,124,337,SRS1,I-helix,0.7041297730240115,Moderate,True,True,Predicted
*41/*54,p.K119R,p.S343R,119,343,SRS1,Non-SRS,0.7040096200320651,Moderate,True,True,Predicted
*3/*7,p.I359L,p.L19I,359,19,SRS5,Non-SRS,0.7036221164129536,Moderate,True,True,Predicted
*10/*38,p.E272G,p.G96A,272,96,Non-SRS,Helix,0.7036146674936969,Moderate,True,True,Predicted
*42/*47,p.R124Q,p.P163L,124,163,SRS1,Non-SRS,0.7034675854551798,Moderate,True,True,Predicted
*40/*41,p.F110S,p.K119R,110,119,SRS1,SRS1,0.7026265058056069,Moderate,True,True,Predicted
*55/*71,p.L361I,"p.E272G , p.P489S",361,272,SRS5,Non-SRS,0.7007223680802089,Moderate,True,True,Predicted
*17/*71,p.P382S,"p.E272G , p.P489S",382,272,SRS5,Non-SRS,0.7001650268957106,Moderate,True,True,Predicted
*39/*59,p.G98V,p.I434F,98,434,SRS1,SRS6,0.6995971635803818,Low,True,True,Predicted
*19/*35,p.Q454H,"p.R125H; p.R125L , p.R144C",454,125,SRS6,SRS1,0.6991019537746358,Low,True,True,Predicted
*10/*56,p.E272G,p.I387V,272,387,Non-SRS,SRS5,0.6984082638318028,Low,True,True,Predicted
*42/*56,p.R124Q,p.I387V,124,387,SRS1,SRS5,0.6980094357571016,Low,True,True,Predicted
*42/*63,p.R124Q,p.R144H,124,144,SRS1,Non-SRS,0.6970466282957224,Low,True,True,Predicted
*45/*71,p.R132W,"p.E272G , p.P489S",132,272,Non-SRS,Non-SRS,0.6965127256938419,Low,True,True,Predicted
*40/*46,p.F110S,p.A149T,110,149,SRS1,Non-SRS,0.6965091337030799,Low,True,True,Predicted
*67/*75,p.R433W,p.N418T,433,418,SRS6,Non-SRS,0.695044764973035,Low,True,True,Predicted
*52/*70,p.T299R,p.G442V,299,442,SRS4,SRS6,0.693747099590839,Low,True,True,Predicted
*45/*73,p.R132W,p.R150C,132,150,Non-SRS,Non-SRS,0.6930483083986778,Low,True,True,Predicted
*40/*47,p.F110S,p.P163L,110,163,SRS1,Non-SRS,0.6912378060398303,Low,True,True,Predicted
*32/*35,p.V490F,"p.R125H; p.R125L , p.R144C",490,125,SRS6,SRS1,0.6911359088391953,Low,True,True,Predicted
*60/*71,p.L467P,"p.E272G , p.P489S",467,272,SRS6,Non-SRS,0.691089278855047,Low,True,True,Predicted
*41/*73,p.K119R,p.R150C,119,150,SRS1,Non-SRS,0.690786243597099,Low,True,True,Predicted
*17/*41,p.P382S,p.K119R,382,119,SRS5,SRS1,0.6903774652740661,Low,True,True,Predicted
*10/*48,p.E272G,p.I207T,272,207,Non-SRS,SRS2,0.6890531341789368,Low,True,True,Predicted
*17/*35,p.P382S,"p.R125H; p.R125L , p.R144C",382,125,SRS5,SRS1,0.6890496207624577,Low,True,True,Predicted
*10/*60,p.E272G,p.L467P,272,467,Non-SRS,SRS6,0.687594003537558,Low,True,True,Predicted
*21/*60,p.P30L,p.L467P,30,467,Non-SRS,SRS6,0.687384627896065,Low,True,True,Predicted
*67/*69,p.R433W,p.D191G,433,191,SRS6,Non-SRS,0.6868368824381765,Low,True,True,Predicted
*5/*10,p.D360E,p.E272G,360,272,SRS5,Non-SRS,0.6868222052443315,Low,True,True,Predicted
*5/*71,p.D360E,"p.E272G , p.P489S",360,272,SRS5,Non-SRS,0.6868222052443315,Low,True,True,Predicted
*66/*71,p.L362V,"p.E272G , p.P489S",362,272,SRS5,Non-SRS,0.6853980300420085,Low,True,True,Predicted
*35/*71,"p.R125H; p.R125L , p.R144C","p.E272G , p.P489S",125,272,SRS1,Non-SRS,0.6850985957180756,Low,True,True,Predicted
*14/*71,p.R125H; p.R125L,"p.E272G , p.P489S",125,272,SRS1,Non-SRS,0.6850985957180756,Low,True,True,Predicted
*10/*19,p.E272G,p.Q454H,272,454,Non-SRS,SRS6,0.6842447644424494,Low,True,True,Predicted
*32/*71,p.V490F,"p.E272G , p.P489S",490,272,SRS6,Non-SRS,0.6842335818508041,Low,True,True,Predicted
*10/*70,p.E272G,p.G442V,272,442,Non-SRS,SRS6,0.6842001221998302,Low,True,True,Predicted
*21/*50,p.P30L,p.P227S,30,227,Non-SRS,SRS2,0.6841958833227735,Low,True,True,Predicted
*42/*65,p.R124Q,p.E326D,124,326,SRS1,I-helix,0.6839053830064459,Low,True,True,Predicted
*12/*40,p.P489S,p.F110S,489,110,SRS6,SRS1,0.6835171319707066,Low,True,True,Predicted
*45/*49,p.R132W,p.I222V,132,222,Non-SRS,SRS2,0.6833534534851158,Low,True,True,Predicted
*26/*67,p.T130R; p.T130M,p.R433W,130,433,Non-SRS,SRS6,0.6832524043897211,Low,True,True,Predicted
*44/*67,p.T130R; p.T130M,p.R433W,130,433,Non-SRS,SRS6,0.6832524043897211,Low,True,True,Predicted
*35/*67,"p.R125H; p.R125L , p.R144C",p.R433W,125,433,SRS1,SRS6,0.682985525368018,Low,True,True,Predicted
*14/*67,p.R125H; p.R125L,p.R433W,125,433,SRS1,SRS6,0.682985525368018,Low,True,True,Predicted
*40/*72,p.F110S,p.A149V,110,149,SRS1,Non-SRS,0.6823375830279046,Low,True,True,Predicted
*33/*59,p.R132Q,p.I434F,132,434,Non-SRS,SRS6,0.6821430660413736,Low,True,True,Predicted
*34/*59,p.R132Q,p.I434F,132,434,Non-SRS,SRS6,0.6821430660413736,Low,True,True,Predicted
*70/*71,p.G442V,"p.E272G , p.P489S",442,272,SRS6,Non-SRS,0.6807468643494604,Low,True,True,Predicted
*40/*66,p.F110S,p.L362V,110,362,SRS1,SRS5,0.6797590875578653,Low,True,True,Predicted
*18/*51,"p.I359L , p.D397A",p.I284V,359,284,SRS5,Non-SRS,0.6796180538806361,Low,True,True,Predicted
*3/*51,p.I359L,p.I284V,359,284,SRS5,Non-SRS,0.6796180538806361,Low,True,True,Predicted
*53/*71,p.P317S,"p.E272G , p.P489S",317,272,SRS4,Non-SRS,0.6792125256692344,Low,True,True,Predicted
*42/*51,p.R124Q,p.I284V,124,284,SRS1,Non-SRS,0.6791984746866685,Low,True,True,Predicted
*14/*21,p.R125H; p.R125L,p.P30L,125,30,SRS1,Non-SRS,0.6789966228211148,Low,True,True,Predicted
*38/*67,p.G96A,p.R433W,96,433,Helix,SRS6,0.6788356434502779,Low,True,True,Predicted
*40/*53,p.F110S,p.P317S,110,317,SRS1,SRS4,0.6786488864198571,Low,True,True,Predicted
*10/*28,p.E272G,p.Q214L,272,214,Non-SRS,SRS2,0.6786185163010109,Low,True,True,Predicted
*56/*71,p.I387V,"p.E272G , p.P489S",387,272,SRS5,Non-SRS,0.6778213724663558,Low,True,True,Predicted
*42/*75,p.R124Q,p.N418T,124,418,SRS1,Non-SRS,0.6773556279354882,Low,True,True,Predicted
*21/*70,p.P30L,p.G442V,30,442,Non-SRS,SRS6,0.6769940018143552,Low,True,True,Predicted
*16/*71,p.T299A,"p.E272G , p.P489S",299,272,SRS4,Non-SRS,0.6758812545218007,Low,True,True,Predicted
*37/*67,p.D49G,p.R433W,49,433,Non-SRS,SRS6,0.6729325185740782,Low,True,True,Predicted
*40/*59,p.F110S,p.I434F,110,434,SRS1,SRS6,0.6726201899372829,Low,True,True,Predicted
*52/*54,p.T299R,p.S343R,299,343,SRS4,Non-SRS,0.6719302781183839,Low,True,True,Predicted
*40/*48,p.F110S,p.I207T,110,207,SRS1,SRS2,0.6713275975045978,Low,True,True,Predicted
*40/*61,p.F110S,"p.R144C , p.N457S",110,144,SRS1,Non-SRS,0.670731715833401,Low,True,True,Predicted
*57/*71,p.N204H,"p.E272G , p.P489S",204,272,SRS2,Non-SRS,0.6701698286540686,Low,True,True,Predicted
*59/*62,p.I434F,p.R125C,434,125,SRS6,SRS1,0.6697774493398811,Low,True,True,Predicted
*3/*36,p.I359L,"p.M1V , p.D360E",359,1,SRS5,Non-SRS,0.6695678409338044,Low,True,True,Predicted
*18/*36,"p.I359L , p.D397A","p.M1V , p.D360E",359,1,SRS5,Non-SRS,0.6695678409338044,Low,True,True,Predicted
*21/*49,p.P30L,p.I222V,30,222,Non-SRS,SRS2,0.669548262029762,Low,True,True,Predicted
*21/*25,p.P30L,,30,0,Non-SRS,Non-SRS,0.6693535491816881,Low,True,False,Predicted
*17/*70,p.P382S,p.G442V,382,442,SRS5,SRS6,0.6682154039634434,Low,True,True,Predicted
*40/*51,p.F110S,p.I284V,110,284,SRS1,Non-SRS,0.6682129133238671,Low,True,True,Predicted
*23/*40,p.V76M,p.F110S,76,110,Non-SRS,SRS1,0.6665841850784092,Low,True,True,Predicted
*2/*34,p.R144C,p.R132Q,144,132,Non-SRS,Non-SRS,0.6662478991708941,Low,True,True,Predicted
*27/*67,p.R150H; p.R150L,p.R433W,150,433,Non-SRS,SRS6,0.6660902304373927,Low,True,True,Predicted
*8/*67,p.R150H; p.R150L,p.R433W,150,433,Non-SRS,SRS6,0.6660902304373927,Low,True,True,Predicted
*17/*54,p.P382S,p.S343R,382,343,SRS5,Non-SRS,0.6660787934840735,Low,True,True,Predicted
*35/*73,"p.R125H; p.R125L , p.R144C",p.R150C,125,150,SRS1,Non-SRS,0.6659010277435193,Low,True,True,Predicted
*14/*73,p.R125H; p.R125L,p.R150C,125,150,SRS1,Non-SRS,0.6659010277435193,Low,True,True,Predicted
*49/*71,p.I222V,"p.E272G , p.P489S",222,272,SRS2,Non-SRS,0.6657714349762778,Low,True,True,Predicted
*40/*58,p.F110S,p.P337T,110,337,SRS1,I-helix,0.6650337820206821,Low,True,True,Predicted
*40/*55,p.F110S,p.L361I,110,361,SRS1,SRS5,0.6642149887074429,Low,True,True,Predicted
*45/*75,p.R132W,p.N418T,132,418,Non-SRS,Non-SRS,0.663092471152627,Low,True,True,Predicted
*17/*25,p.P382S,,382,0,SRS5,Non-SRS,0.6611100140614659,Low,True,False,Predicted
*47/*67,p.P163L,p.R433W,163,433,Non-SRS,SRS6,0.6602749164577096,Low,True,True,Predicted
*57/*70,p.N204H,p.G442V,204,442,SRS2,SRS6,0.6602489097080878,Low,True,True,Predicted
*21/*55,p.P30L,p.L361I,30,361,Non-SRS,SRS5,0.6600528262638451,Low,True,True,Predicted
*21/*26,p.P30L,p.T130R; p.T130M,30,130,Non-SRS,Non-SRS,0.6600131522548393,Low,True,True,Predicted
*21/*44,p.P30L,p.T130R; p.T130M,30,130,Non-SRS,Non-SRS,0.6600131522548393,Low,True,True,Predicted
*73/*74,p.R150C,p.Q214H,150,214,Non-SRS,SRS2,0.659785902078008,Low,True,True,Predicted
*35/*54,"p.R125H; p.R125L , p.R144C",p.S343R,125,343,SRS1,Non-SRS,0.6585351706906478,Low,True,True,Predicted
*14/*54,p.R125H; p.R125L,p.S343R,125,343,SRS1,Non-SRS,0.6585351706906478,Low,True,True,Predicted
*67/*73,p.R433W,p.R150C,433,150,SRS6,Non-SRS,0.6563816566277524,Low,True,True,Predicted
*52/*60,p.T299R,p.L467P,299,467,SRS4,SRS6,0.656370926069781,Low,True,True,Predicted
*60/*70,p.L467P,p.G442V,467,442,SRS6,SRS6,0.6553585644048532,Low,True,True,Predicted
*40/*56,p.F110S,p.I387V,110,387,SRS1,SRS5,0.6553431618078993,Low,True,True,Predicted
*42/*59,p.R124Q,p.I434F,124,434,SRS1,SRS6,0.6552924444383469,Low,True,True,Predicted
*10/*30,p.E272G,p.A477T,272,477,Non-SRS,SRS6,0.6548404025427059,Low,True,True,Predicted
*50/*71,p.P227S,"p.E272G , p.P489S",227,272,SRS2,Non-SRS,0.6542149742554634,Low,True,True,Predicted
*10/*51,p.E272G,p.I284V,272,284,Non-SRS,Non-SRS,0.6539774021472169,Low,True,True,Predicted
*18/*63,"p.I359L , p.D397A",p.R144H,359,144,SRS5,Non-SRS,0.6538529229907585,Low,True,True,Predicted
*3/*63,p.I359L,p.R144H,359,144,SRS5,Non-SRS,0.6538529229907585,Low,True,True,Predicted
*21/*66,p.P30L,p.L362V,30,362,Non-SRS,SRS5,0.6532033671823738,Low,True,True,Predicted
*45/*58,p.R132W,p.P337T,132,337,Non-SRS,I-helix,0.6530143617374855,Low,True,True,Predicted
*21/*31,p.P30L,p.I327T,30,327,Non-SRS,I-helix,0.6513619601266695,Low,True,True,Predicted
*43/*59,p.R124W,p.I434F,124,434,SRS1,SRS6,0.6511695999985386,Low,True,True,Predicted
*10/*44,p.E272G,p.T130R; p.T130M,272,130,Non-SRS,Non-SRS,0.6507944826829773,Low,True,True,Predicted
*10/*26,p.E272G,p.T130R; p.T130M,272,130,Non-SRS,Non-SRS,0.6507944826829773,Low,True,True,Predicted
*10/*69,p.E272G,p.D191G,272,191,Non-SRS,Non-SRS,0.6492987305931852,Low,True,True,Predicted
*10/*65,p.E272G,p.E326D,272,326,Non-SRS,I-helix,0.6486800781370826,Low,True,True,Predicted
*11/*34,p.R335W,p.R132Q,335,132,I-helix,Non-SRS,0.6469837981596207,Low,True,True,Predicted
*54/*70,p.S343R,p.G442V,343,442,Non-SRS,SRS6,0.6465813873254609,Low,True,True,Predicted
*21/*69,p.P30L,p.D191G,30,191,Non-SRS,Non-SRS,0.6460562913334601,Low,True,True,Predicted
*50/*57,p.P227S,p.N204H,227,204,SRS2,SRS2,0.6457364574593393,Low,True,True,Predicted
*21/*21,p.P30L,p.P30L,30,30,Non-SRS,Non-SRS,0.6449996655051197,Low,True,True,Predicted
*4/*40,p.I359T,p.F110S,359,110,SRS5,SRS1,0.6445238280682456,Low,True,True,Predicted
*28/*71,p.Q214L,"p.E272G , p.P489S",214,272,SRS2,Non-SRS,0.6443768120327499,Low,True,True,Predicted
*10/*25,p.E272G,,272,0,Non-SRS,Non-SRS,0.6441805684834051,Low,True,False,Predicted
*53/*74,p.P317S,p.Q214H,317,214,SRS4,SRS2,0.6441515776295595,Low,True,True,Predicted
*64/*74,p.S280C,p.Q214H,280,214,Non-SRS,SRS2,0.64408969405077,Low,True,True,Predicted
*54/*60,p.S343R,p.L467P,343,467,Non-SRS,SRS6,0.6426437354302137,Low,True,True,Predicted
*27/*40,p.R150H; p.R150L,p.F110S,150,110,Non-SRS,SRS1,0.6424697773237795,Low,True,True,Predicted
*8/*40,p.R150H; p.R150L,p.F110S,150,110,Non-SRS,SRS1,0.6424697773237795,Low,True,True,Predicted
*41/*70,p.K119R,p.G442V,119,442,SRS1,SRS6,0.6421353681504527,Low,True,True,Predicted
*21/*56,p.P30L,p.I387V,30,387,Non-SRS,SRS5,0.6415327244512758,Low,True,True,Predicted
*40/*65,p.F110S,p.E326D,110,326,SRS1,I-helix,0.6410962472323177,Low,True,True,Predicted
*52/*74,p.T299R,p.Q214H,299,214,SRS4,SRS2,0.6408776207369273,Low,True,True,Predicted
*21/*32,p.P30L,p.V490F,30,490,Non-SRS,SRS6,0.639935939790047,Low,True,True,Predicted
*60/*60,p.L467P,p.L467P,467,467,SRS6,SRS6,0.6392191801503071,Low,True,True,Predicted
*19/*71,p.Q454H,"p.E272G , p.P489S",454,272,SRS6,Non-SRS,0.6372328964684401,Low,True,True,Predicted
*67/*72,p.R433W,p.A149V,433,149,SRS6,Non-SRS,0.636894016913783,Low,True,True,Predicted
*40/*75,p.F110S,p.N418T,110,418,SRS1,Non-SRS,0.6361104518202642,Low,True,True,Predicted
*48/*71,p.I207T,"p.E272G , p.P489S",207,272,SRS2,Non-SRS,0.6357185934848935,Low,True,True,Predicted
*45/*69,p.R132W,p.D191G,132,191,Non-SRS,Non-SRS,0.6356987012235236,Low,True,True,Predicted
*21/*51,p.P30L,p.I284V,30,284,Non-SRS,Non-SRS,0.6330221009968797,Low,True,True,Predicted
*17/*60,p.P382S,p.L467P,382,467,SRS5,SRS6,0.6313931015870078,Low,True,True,Predicted
*21/*53,p.P30L,p.P317S,30,317,Non-SRS,SRS4,0.6313822228119669,Low,True,True,Predicted
*20/*67,p.G70R,p.R433W,70,433,Non-SRS,SRS6,0.6307446239632991,Low,True,True,Predicted
*14/*19,p.R125H; p.R125L,p.Q454H,125,454,SRS1,SRS6,0.6307306970246073,Low,True,True,Predicted
*41/*69,p.K119R,p.D191G,119,191,SRS1,Non-SRS,0.630398103755009,Low,True,True,Predicted
*10/*31,p.E272G,p.I327T,272,327,Non-SRS,I-helix,0.6290034983241726,Low,True,True,Predicted
*34/*61,p.R132Q,"p.R144C , p.N457S",132,144,Non-SRS,Non-SRS,0.6288181046061243,Low,True,True,Predicted
*16/*57,p.T299A,p.N204H,299,204,SRS4,SRS2,0.6276515133036176,Low,True,True,Predicted
*45/*63,p.R132W,p.R144H,132,144,Non-SRS,Non-SRS,0.6261133736821578,Low,True,True,Predicted
*51/*52,p.I284V,p.T299R,284,299,Non-SRS,SRS4,0.6255750169280399,Low,True,True,Predicted
*21/*30,p.P30L,p.A477T,30,477,Non-SRS,SRS6,0.6250468736435721,Low,True,True,Predicted
*16/*21,p.T299A,p.P30L,299,30,SRS4,Non-SRS,0.6247082132294687,Low,True,True,Predicted
*54/*57,p.S343R,p.N204H,343,204,Non-SRS,SRS2,0.6239266128883763,Low,True,True,Predicted
*59/*67,p.I434F,p.R433W,434,433,SRS6,SRS6,0.6234678358275998,Low,True,True,Predicted
*21/*64,p.P30L,p.S280C,30,280,Non-SRS,Non-SRS,0.6233526529996832,Low,True,True,Predicted
*45/*47,p.R132W,p.P163L,132,163,Non-SRS,Non-SRS,0.6223271497134862,Low,True,True,Predicted
*46/*67,p.A149T,p.R433W,149,433,Non-SRS,SRS6,0.6222981794792133,Low,True,True,Predicted
*52/*64,p.T299R,p.S280C,299,280,SRS4,Non-SRS,0.6222945856108055,Low,True,True,Predicted
*60/*69,p.L467P,p.D191G,467,191,SRS6,Non-SRS,0.6221849801836928,Low,True,True,Predicted
*53/*54,p.P317S,p.S343R,317,343,SRS4,Non-SRS,0.6220409714930252,Low,True,True,Predicted
*41/*74,p.K119R,p.Q214H,119,214,SRS1,SRS2,0.621997246224964,Low,True,True,Predicted
*45/*65,p.R132W,p.E326D,132,326,Non-SRS,I-helix,0.6218084874500573,Low,True,True,Predicted
*40/*63,p.F110S,p.R144H,110,144,SRS1,Non-SRS,0.6216491332050729,Low,True,True,Predicted
*19/*21,p.Q454H,p.P30L,454,30,SRS6,Non-SRS,0.6209683126171082,Low,True,True,Predicted
*22/*39,p.N41D,p.G98V,41,98,Non-SRS,SRS1,0.6208641581010952,Low,True,True,Predicted
*21/*48,p.P30L,p.I207T,30,207,Non-SRS,SRS2,0.6206297858710778,Low,True,True,Predicted
*45/*51,p.R132W,p.I284V,132,284,Non-SRS,Non-SRS,0.6202866166841134,Low,True,True,Predicted
*20/*52,p.G70R,p.T299R,70,299,Non-SRS,SRS4,0.6202201602500407,Low,True,True,Predicted
*52/*73,p.T299R,p.R150C,299,150,SRS4,Non-SRS,0.6201973693162491,Low,True,True,Predicted
*21/*46,p.P30L,p.A149T,30,149,Non-SRS,Non-SRS,0.6191607224496117,Low,True,True,Predicted
*21/*28,p.P30L,p.Q214L,30,214,Non-SRS,SRS2,0.619160493690388,Low,True,True,Predicted
*10/*64,p.E272G,p.S280C,272,280,Non-SRS,Non-SRS,0.618767873020241,Low,True,True,Predicted
*17/*73,p.P382S,p.R150C,382,150,SRS5,Non-SRS,0.6186509533123183,Low,True,True,Predicted
*5/*21,p.D360E,p.P30L,360,30,SRS5,Non-SRS,0.6185186006477795,Low,True,True,Predicted
*17/*69,p.P382S,p.D191G,382,191,SRS5,Non-SRS,0.6184226938498902,Low,True,True,Predicted
*57/*60,p.N204H,p.L467P,204,467,SRS2,SRS6,0.6177441322973051,Low,True,True,Predicted
*60/*64,p.L467P,p.S280C,467,280,SRS6,Non-SRS,0.6173657066310921,Low,True,True,Predicted
*12/*71,p.P489S,"p.E272G , p.P489S",489,272,SRS6,Non-SRS,0.6170931304009103,Low,True,True,Predicted
*16/*18,p.T299A,"p.I359L , p.D397A",299,359,SRS4,SRS5,0.6145723818994276,Low,True,True,Predicted
*70/*73,p.G442V,p.R150C,442,150,SRS6,Non-SRS,0.6131283400366012,Low,True,True,Predicted
*21/*65,p.P30L,p.E326D,30,326,Non-SRS,I-helix,0.6131103988620216,Low,True,True,Predicted
*19/*70,p.Q454H,p.G442V,454,442,SRS6,SRS6,0.6118690360698221,Low,True,True,Predicted
*60/*73,p.L467P,p.R150C,467,150,SRS6,Non-SRS,0.6117697605471484,Low,True,True,Predicted
*41/*60,p.K119R,p.L467P,119,467,SRS1,SRS6,0.6109753157989789,Low,True,True,Predicted
*49/*54,p.I222V,p.S343R,222,343,SRS2,Non-SRS,0.6105527005177506,Low,True,True,Predicted
*21/*59,p.P30L,p.I434F,30,434,Non-SRS,SRS6,0.6104050018556506,Low,True,True,Predicted
*28/*54,p.Q214L,p.S343R,214,343,SRS2,Non-SRS,0.6095822310419635,Low,True,True,Predicted
*30/*71,p.A477T,"p.E272G , p.P489S",477,272,SRS6,Non-SRS,0.6093845141603562,Low,True,True,Predicted
*5/*18,p.D360E,"p.I359L , p.D397A",360,359,SRS5,SRS5,0.6087459884872688,Low,True,True,Predicted
*50/*54,p.P227S,p.S343R,227,343,SRS2,Non-SRS,0.6083011513134131,Low,True,True,Predicted
*17/*64,p.P382S,p.S280C,382,280,SRS5,Non-SRS,0.6080974435546811,Low,True,True,Predicted
*21/*47,p.P30L,p.P163L,30,163,Non-SRS,Non-SRS,0.60670468145695,Low,True,True,Predicted
*70/*70,p.G442V,p.G442V,442,442,SRS6,SRS6,0.6043834481492341,Low,True,True,Predicted
*5/*57,p.D360E,p.N204H,360,204,SRS5,SRS2,0.602662412011812,Low,True,True,Predicted
*49/*57,p.I222V,p.N204H,222,204,SRS2,SRS2,0.6019234633661911,Low,True,True,Predicted
*17/*17,p.P382S,p.P382S,382,382,SRS5,SRS5,0.6011450966340965,Low,True,True,Predicted
*22/*35,p.N41D,"p.R125H; p.R125L , p.R144C",41,125,Non-SRS,SRS1,0.6007392242892136,Low,True,True,Predicted
*12/*21,p.P489S,p.P30L,489,30,SRS6,Non-SRS,0.6006981936000814,Low,True,True,Predicted
*21/*72,p.P30L,p.A149V,30,149,Non-SRS,Non-SRS,0.6005755254042054,Low,True,True,Predicted
*51/*62,p.I284V,p.R125C,284,125,Non-SRS,SRS1,0.5993406642645878,Low,True,True,Predicted
*55/*57,p.L361I,p.N204H,361,204,SRS5,SRS2,0.5993389404203588,Low,True,True,Predicted
*21/*75,p.P30L,p.N418T,30,418,Non-SRS,Non-SRS,0.599023471623704,Low,True,True,Predicted
*36/*39,"p.M1V , p.D360E",p.G98V,1,98,Non-SRS,SRS1,0.5981145983070896,Low,True,True,Predicted
*10/*12,p.E272G,p.P489S,272,489,Non-SRS,SRS6,0.5980287391849536,Low,True,True,Predicted
*45/*72,p.R132W,p.A149V,132,149,Non-SRS,Non-SRS,0.5973293852763933,Low,True,True,Predicted
*65/*67,p.E326D,p.R433W,326,433,I-helix,SRS6,0.5966526919949545,Low,True,True,Predicted
*4/*67,p.I359T,p.R433W,359,433,SRS5,SRS6,0.5958870989267204,Low,True,True,Predicted
*21/*29,p.P30L,p.P279T,30,279,Non-SRS,Non-SRS,0.5958128222742828,Low,True,True,Predicted
*28/*57,p.Q214L,p.N204H,214,204,SRS2,SRS2,0.5955353692094811,Low,True,True,Predicted
*32/*54,p.V490F,p.S343R,490,343,SRS6,Non-SRS,0.5940137663011061,Low,True,True,Predicted
*57/*57,p.N204H,p.N204H,204,204,SRS2,SRS2,0.5934111095380227,Low,True,True,Predicted
*10/*21,p.E272G,p.P30L,272,30,Non-SRS,Non-SRS,0.5928996806227727,Low,True,True,Predicted
*21/*58,p.P30L,p.P337T,30,337,Non-SRS,I-helix,0.5926369713539824,Low,True,True,Predicted
*16/*54,p.T299A,p.S343R,299,343,SRS4,Non-SRS,0.5917087047992212,Low,True,True,Predicted
*37/*41,p.D49G,p.K119R,49,119,Non-SRS,SRS1,0.5912450213295556,Low,True,True,Predicted
*21/*71,p.P30L,"p.E272G , p.P489S",30,272,Non-SRS,Non-SRS,0.5910765582368025,Low,True,True,Predicted
*54/*74,p.S343R,p.Q214H,343,214,Non-SRS,SRS2,0.5909087609965714,Low,True,True,Predicted
*52/*59,p.T299R,p.I434F,299,434,SRS4,SRS6,0.5907850232877112,Low,True,True,Predicted
*69/*70,p.D191G,p.G442V,191,442,Non-SRS,SRS6,0.5896984711199824,Low,True,True,Predicted
*32/*57,p.V490F,p.N204H,490,204,SRS6,SRS2,0.5891503511187315,Low,True,True,Predicted
*21/*23,p.P30L,p.V76M,30,76,Non-SRS,Non-SRS,0.5888007630255413,Low,True,True,Predicted
*56/*57,p.I387V,p.N204H,387,204,SRS5,SRS2,0.5884372103528691,Low,True,True,Predicted
*23/*57,p.V76M,p.N204H,76,204,Non-SRS,SRS2,0.5884017348875261,Low,True,True,Predicted
*21/*37,p.P30L,p.D49G,30,49,Non-SRS,Non-SRS,0.5879495320754424,Low,True,True,Predicted
*41/*59,p.K119R,p.I434F,119,434,SRS1,SRS6,0.5869231764374188,Low,True,True,Predicted
*16/*74,p.T299A,p.Q214H,299,214,SRS4,SRS2,0.5861727217343948,Low,True,True,Predicted
*50/*74,p.P227S,p.Q214H,227,214,SRS2,SRS2,0.585428835277114,Low,True,True,Predicted
*22/*40,p.N41D,p.F110S,41,110,Non-SRS,SRS1,0.5851962837714294,Low,True,True,Predicted
*21/*22,p.P30L,p.N41D,30,41,Non-SRS,Non-SRS,0.5847021692611886,Low,True,True,Predicted
*29/*57,p.P279T,p.N204H,279,204,Non-SRS,SRS2,0.5845278362502104,Low,True,True,Predicted
*10/*71,p.E272G,"p.E272G , p.P489S",272,272,Non-SRS,Non-SRS,0.5837684587895623,Low,True,True,Predicted
*71/*71,"p.E272G , p.P489S","p.E272G , p.P489S",272,272,Non-SRS,Non-SRS,0.5837684587895623,Low,True,True,Predicted
*10/*10,p.E272G,p.E272G,272,272,Non-SRS,Non-SRS,0.5837684587895623,Low,True,True,Predicted
*50/*70,p.P227S,p.G442V,227,442,SRS2,SRS6,0.5836421661894822,Low,True,True,Predicted
*19/*60,p.Q454H,p.L467P,454,467,SRS6,SRS6,0.5835508203655227,Low,True,True,Predicted
*17/*59,p.P382S,p.I434F,382,434,SRS5,SRS6,0.5831828777868292,Low,True,True,Predicted
*2/*41,p.R144C,p.K119R,144,119,Non-SRS,SRS1,0.5806983953086224,Low,True,True,Predicted
*21/*36,p.P30L,"p.M1V , p.D360E",30,1,Non-SRS,Non-SRS,0.5800529221030014,Low,True,True,Predicted
*57/*73,p.N204H,p.R150C,204,150,SRS2,Non-SRS,0.5794648774086865,Low,True,True,Predicted
*32/*73,p.V490F,p.R150C,490,150,SRS6,Non-SRS,0.5790689304341745,Low,True,True,Predicted
*48/*54,p.I207T,p.S343R,207,343,SRS2,Non-SRS,0.5785693473524789,Low,True,True,Predicted
*17/*22,p.P382S,p.N41D,382,41,SRS5,Non-SRS,0.5784807833913718,Low,True,True,Predicted
*10/*46,p.E272G,p.A149T,272,149,Non-SRS,Non-SRS,0.5782719157257808,Low,True,True,Predicted
*14/*41,p.R125H; p.R125L,p.K119R,125,119,SRS1,SRS1,0.5782654280142093,Low,True,True,Predicted
*35/*41,"p.R125H; p.R125L , p.R144C",p.K119R,125,119,SRS1,SRS1,0.5782654280142093,Low,True,True,Predicted
*5/*54,p.D360E,p.S343R,360,343,SRS5,Non-SRS,0.5776349979865983,Low,True,True,Predicted
*55/*70,p.L361I,p.G442V,361,442,SRS5,SRS6,0.5772783520192842,Low,True,True,Predicted
*49/*73,p.I222V,p.R150C,222,150,SRS2,Non-SRS,0.5772438269553037,Low,True,True,Predicted
*66/*73,p.L362V,p.R150C,362,150,SRS5,Non-SRS,0.5772066936408692,Low,True,True,Predicted
*17/*44,p.P382S,p.T130R; p.T130M,382,130,SRS5,Non-SRS,0.5755853269436562,Low,True,True,Predicted
*17/*26,p.P382S,p.T130R; p.T130M,382,130,SRS5,Non-SRS,0.5755853269436562,Low,True,True,Predicted
*16/*19,p.T299A,p.Q454H,299,454,SRS4,SRS6,0.5755826576451561,Low,True,True,Predicted
*17/*53,p.P382S,p.P317S,382,317,SRS5,SRS4,0.5748869477890701,Low,True,True,Predicted
*48/*57,p.I207T,p.N204H,207,204,SRS2,SRS2,0.5747814387353013,Low,True,True,Predicted
*10/*54,p.E272G,p.S343R,272,343,Non-SRS,Non-SRS,0.5739269015667973,Low,True,True,Predicted
*22/*43,p.N41D,p.R124W,41,124,Non-SRS,SRS1,0.5736684780456585,Low,True,True,Predicted
*7/*35,p.L19I,"p.R125H; p.R125L , p.R144C",19,125,Non-SRS,SRS1,0.573412068482741,Low,True,True,Predicted
*7/*14,p.L19I,p.R125H; p.R125L,19,125,Non-SRS,SRS1,0.573412068482741,Low,True,True,Predicted
*52/*66,p.T299R,p.L362V,299,362,SRS4,SRS5,0.5724516812968541,Low,True,True,Predicted
*57/*64,p.N204H,p.S280C,204,280,SRS2,Non-SRS,0.5722992121625013,Low,True,True,Predicted
*22/*52,p.N41D,p.T299R,41,299,Non-SRS,SRS4,0.5722137435602013,Low,True,True,Predicted
*10/*37,p.E272G,p.D49G,272,49,Non-SRS,Non-SRS,0.5717285966891235,Low,True,True,Predicted
*20/*57,p.G70R,p.N204H,70,204,Non-SRS,SRS2,0.571632962983695,Low,True,True,Predicted
*7/*39,p.L19I,p.G98V,19,98,Non-SRS,SRS1,0.5712985870156334,Low,True,True,Predicted
*19/*41,p.Q454H,p.K119R,454,119,SRS6,SRS1,0.5712800796098871,Low,True,True,Predicted
*36/*43,"p.M1V , p.D360E",p.R124W,1,124,Non-SRS,SRS1,0.571261051475945,Low,True,True,Predicted
*55/*73,p.L361I,p.R150C,361,150,SRS5,Non-SRS,0.5700899486024741,Low,True,True,Predicted
*14/*18,p.R125H; p.R125L,"p.I359L , p.D397A",125,359,SRS1,SRS5,0.5699187906154299,Low,True,True,Predicted
*22/*42,p.N41D,p.R124Q,41,124,Non-SRS,SRS1,0.5692366466739205,Low,True,True,Predicted
*11/*41,p.R335W,p.K119R,335,119,I-helix,SRS1,0.5691464282174716,Low,True,True,Predicted
*64/*70,p.S280C,p.G442V,280,442,Non-SRS,SRS6,0.5690319792378158,Low,True,True,Predicted
*56/*73,p.I387V,p.R150C,387,150,SRS5,Non-SRS,0.5685847614206274,Low,True,True,Predicted
*45/*59,p.R132W,p.I434F,132,434,Non-SRS,SRS6,0.5683768666883142,Low,True,True,Predicted
*36/*42,"p.M1V , p.D360E",p.R124Q,1,124,Non-SRS,SRS1,0.5682055792508008,Low,True,True,Predicted
*20/*50,p.G70R,p.P227S,70,227,Non-SRS,SRS2,0.5665144855122819,Low,True,True,Predicted
*28/*73,p.Q214L,p.R150C,214,150,SRS2,Non-SRS,0.5657688357949587,Low,True,True,Predicted
*60/*66,p.L467P,p.L362V,467,362,SRS6,SRS5,0.5656576957939566,Low,True,True,Predicted
*10/*29,p.E272G,p.P279T,272,279,Non-SRS,Non-SRS,0.5644845806450004,Low,True,True,Predicted
*71/*75,"p.E272G , p.P489S",p.N418T,272,418,Non-SRS,Non-SRS,0.5642813508177469,Low,True,True,Predicted
*10/*75,p.E272G,p.N418T,272,418,Non-SRS,Non-SRS,0.5642813508177469,Low,True,True,Predicted
*54/*55,p.S343R,p.L361I,343,361,Non-SRS,SRS5,0.56372733794105,Low,True,True,Predicted
*19/*54,p.Q454H,p.S343R,454,343,SRS6,Non-SRS,0.563160814679432,Low,True,True,Predicted
*21/*54,p.P30L,p.S343R,30,343,Non-SRS,Non-SRS,0.5630094063596206,Low,True,True,Predicted
*53/*73,p.P317S,p.R150C,317,150,SRS4,Non-SRS,0.5624065615557015,Low,True,True,Predicted
*7/*52,p.L19I,p.T299R,19,299,Non-SRS,SRS4,0.5620640830401841,Low,True,True,Predicted
*17/*66,p.P382S,p.L362V,382,362,SRS5,SRS5,0.5620069935215772,Low,True,True,Predicted
*17/*20,p.P382S,p.G70R,382,70,SRS5,Non-SRS,0.5612512751590745,Low,True,True,Predicted
*11/*67,p.R335W,p.R433W,335,433,I-helix,SRS6,0.56108247219447,Low,True,True,Predicted
*12/*18,p.P489S,"p.I359L , p.D397A",489,359,SRS6,SRS5,0.5601767879321415,Low,True,True,Predicted
*7/*33,p.L19I,p.R132Q,19,132,Non-SRS,Non-SRS,0.5600708417723937,Low,True,True,Predicted
*7/*34,p.L19I,p.R132Q,19,132,Non-SRS,Non-SRS,0.5600708417723937,Low,True,True,Predicted
*50/*73,p.P227S,p.R150C,227,150,SRS2,Non-SRS,0.5588271787788092,Low,True,True,Predicted
*5/*73,p.D360E,p.R150C,360,150,SRS5,Non-SRS,0.5578545701988199,Low,True,True,Predicted
*49/*70,p.I222V,p.G442V,222,442,SRS2,SRS6,0.5578116205219604,Low,True,True,Predicted
*54/*66,p.S343R,p.L362V,343,362,Non-SRS,SRS5,0.5560097068483703,Low,True,True,Predicted
*52/*53,p.T299R,p.P317S,299,317,SRS4,SRS4,0.5558779555602469,Low,True,True,Predicted
*28/*74,p.Q214L,p.Q214H,214,214,SRS2,SRS2,0.5554174771430415,Low,True,True,Predicted
*52/*56,p.T299R,p.I387V,299,387,SRS4,SRS5,0.5551298240822078,Low,True,True,Predicted
*41/*61,p.K119R,"p.R144C , p.N457S",119,144,SRS1,Non-SRS,0.5542664282093983,Low,True,True,Predicted
*17/*56,p.P382S,p.I387V,382,387,SRS5,SRS5,0.5542484341301168,Low,True,True,Predicted
*10/*22,p.E272G,p.N41D,272,41,Non-SRS,Non-SRS,0.554229589349925,Low,True,True,Predicted
*20/*38,p.G70R,p.G96A,70,96,Non-SRS,Helix,0.5539177159815606,Low,True,True,Predicted
*17/*32,p.P382S,p.V490F,382,490,SRS5,SRS6,0.5538593749121434,Low,True,True,Predicted
*16/*73,p.T299A,p.R150C,299,150,SRS4,Non-SRS,0.5530686902179808,Low,True,True,Predicted
*59/*74,p.I434F,p.Q214H,434,214,SRS6,SRS2,0.5527407530440539,Low,True,True,Predicted
*7/*43,p.L19I,p.R124W,19,124,Non-SRS,SRS1,0.5526942319082546,Low,True,True,Predicted
*27/*57,p.R150H; p.R150L,p.N204H,150,204,Non-SRS,SRS2,0.5523221629627245,Low,True,True,Predicted
*8/*57,p.R150H; p.R150L,p.N204H,150,204,Non-SRS,SRS2,0.5523221629627245,Low,True,True,Predicted
*38/*70,p.G96A,p.G442V,96,442,Helix,SRS6,0.5518767137853375,Low,True,True,Predicted
*25/*34,,p.R132Q,0,132,Non-SRS,Non-SRS,0.5513355666622085,Low,False,True,Predicted
*1/*34,wild type,p.R132Q,0,132,Non-SRS,Non-SRS,0.5513355666622085,Low,False,True,Predicted
*59/*59,p.I434F,p.I434F,434,434,SRS6,SRS6,0.5512987516425786,Low,True,True,Predicted
*22/*62,p.N41D,p.R125C,41,125,Non-SRS,SRS1,0.551261843514292,Low,True,True,Predicted
*55/*60,p.L361I,p.L467P,361,467,SRS5,SRS6,0.5508120666081515,Low,True,True,Predicted
*10/*72,p.E272G,p.A149V,272,149,Non-SRS,Non-SRS,0.5499968845816288,Uncertain,True,True,Predicted
*71/*72,"p.E272G , p.P489S",p.A149V,272,149,Non-SRS,Non-SRS,0.5499968845816288,Uncertain,True,True,Predicted
*16/*20,p.T299A,p.G70R,299,70,SRS4,Non-SRS,0.5495643018566783,Uncertain,True,True,Predicted
*10/*23,p.E272G,p.V76M,272,76,Non-SRS,Non-SRS,0.5494680785925355,Uncertain,True,True,Predicted
*57/*74,p.N204H,p.Q214H,204,214,SRS2,SRS2,0.5493907078998385,Uncertain,True,True,Predicted
*32/*74,p.V490F,p.Q214H,490,214,SRS6,SRS2,0.5487583734174926,Uncertain,True,True,Predicted
*51/*67,p.I284V,p.R433W,284,433,Non-SRS,SRS6,0.5477403481452144,Uncertain,True,True,Predicted
*17/*50,p.P382S,p.P227S,382,227,SRS5,SRS2,0.5476467346722916,Uncertain,True,True,Predicted
*66/*74,p.L362V,p.Q214H,362,214,SRS5,SRS2,0.5472975706698239,Uncertain,True,True,Predicted
*60/*75,p.L467P,p.N418T,467,418,SRS6,Non-SRS,0.5471967959950595,Uncertain,True,True,Predicted
*48/*73,p.I207T,p.R150C,207,150,SRS2,Non-SRS,0.5469185746386711,Uncertain,True,True,Predicted
*56/*74,p.I387V,p.Q214H,387,214,SRS5,SRS2,0.5465779838074635,Uncertain,True,True,Predicted
*19/*57,p.Q454H,p.N204H,454,204,SRS6,SRS2,0.5464934707359119,Uncertain,True,True,Predicted
*35/*49,"p.R125H; p.R125L , p.R144C",p.I222V,125,222,SRS1,SRS2,0.5464915359294152,Uncertain,True,True,Predicted
*14/*49,p.R125H; p.R125L,p.I222V,125,222,SRS1,SRS2,0.5464915359294152,Uncertain,True,True,Predicted
*10/*59,p.E272G,p.I434F,272,434,Non-SRS,SRS6,0.5464605949030026,Uncertain,True,True,Predicted
*35/*36,"p.R125H; p.R125L , p.R144C","p.M1V , p.D360E",125,1,SRS1,Non-SRS,0.5459473122003637,Uncertain,True,True,Predicted
*14/*36,p.R125H; p.R125L,"p.M1V , p.D360E",125,1,SRS1,Non-SRS,0.5459473122003637,Uncertain,True,True,Predicted
*60/*72,p.L467P,p.A149V,467,149,SRS6,Non-SRS,0.5458751534624107,Uncertain,True,True,Predicted
*29/*74,p.P279T,p.Q214H,279,214,Non-SRS,SRS2,0.5456243273032076,Uncertain,True,True,Predicted
*48/*74,p.I207T,p.Q214H,207,214,SRS2,SRS2,0.5453739756987107,Uncertain,True,True,Predicted
*57/*59,p.N204H,p.I434F,204,434,SRS2,SRS6,0.5453523907983719,Uncertain,True,True,Predicted
*2/*67,p.R144C,p.R433W,144,433,Non-SRS,SRS6,0.5452498345875604,Uncertain,True,True,Predicted
*61/*67,"p.R144C , p.N457S",p.R433W,144,433,Non-SRS,SRS6,0.5452498345875604,Uncertain,True,True,Predicted
*17/*49,p.P382S,p.I222V,382,222,SRS5,SRS2,0.5446142073176579,Uncertain,True,True,Predicted
*36/*62,"p.M1V , p.D360E",p.R125C,1,125,Non-SRS,SRS1,0.5443189668015984,Uncertain,True,True,Predicted
*19/*73,p.Q454H,p.R150C,454,150,SRS6,Non-SRS,0.5442436654539832,Uncertain,True,True,Predicted
*54/*56,p.S343R,p.I387V,343,387,Non-SRS,SRS5,0.5440804798179795,Uncertain,True,True,Predicted
*10/*47,p.E272G,p.P163L,272,163,Non-SRS,Non-SRS,0.5436443732996527,Uncertain,True,True,Predicted
*36/*52,"p.M1V , p.D360E",p.T299R,1,299,Non-SRS,SRS4,0.5431182234956853,Uncertain,True,True,Predicted
*17/*55,p.P382S,p.L361I,382,361,SRS5,SRS5,0.5423714365721632,Uncertain,True,True,Predicted
*10/*58,p.E272G,p.P337T,272,337,Non-SRS,I-helix,0.5420360865125091,Uncertain,True,True,Predicted
*60/*65,p.L467P,p.E326D,467,326,SRS6,I-helix,0.5405590497924279,Uncertain,True,True,Predicted
*17/*37,p.P382S,p.D49G,382,49,SRS5,Non-SRS,0.5404463875902116,Uncertain,True,True,Predicted
*21/*27,p.P30L,p.R150H; p.R150L,30,150,Non-SRS,Non-SRS,0.5397846690345137,Uncertain,True,True,Predicted
*73/*73,p.R150C,p.R150C,150,150,Non-SRS,Non-SRS,0.5396329675182527,Uncertain,True,True,Predicted
*19/*20,p.Q454H,p.G70R,454,70,SRS6,Non-SRS,0.5395767200424714,Uncertain,True,True,Predicted
*59/*60,p.I434F,p.L467P,434,467,SRS6,SRS6,0.5394276597259073,Uncertain,True,True,Predicted
*22/*34,p.N41D,p.R132Q,41,132,Non-SRS,Non-SRS,0.5394135853579809,Uncertain,True,True,Predicted
*22/*33,p.N41D,p.R132Q,41,132,Non-SRS,Non-SRS,0.5394135853579809,Uncertain,True,True,Predicted
*53/*70,p.P317S,p.G442V,317,442,SRS4,SRS6,0.538648331801715,Uncertain,True,True,Predicted
*26/*70,p.T130R; p.T130M,p.G442V,130,442,Non-SRS,SRS6,0.5381661362881841,Uncertain,True,True,Predicted
*44/*70,p.T130R; p.T130M,p.G442V,130,442,Non-SRS,SRS6,0.5381661362881841,Uncertain,True,True,Predicted
*5/*70,p.D360E,p.G442V,360,442,SRS5,SRS6,0.5353688886329571,Uncertain,True,True,Predicted
*12/*57,p.P489S,p.N204H,489,204,SRS6,SRS2,0.5352373451088179,Uncertain,True,True,Predicted
*17/*75,p.P382S,p.N418T,382,418,SRS5,Non-SRS,0.5345877880670162,Uncertain,True,True,Predicted
*32/*70,p.V490F,p.G442V,490,442,SRS6,SRS6,0.5340839019830335,Uncertain,True,True,Predicted
*50/*60,p.P227S,p.L467P,227,467,SRS2,SRS6,0.5339658965283217,Uncertain,True,True,Predicted
*20/*74,p.G70R,p.Q214H,70,214,Non-SRS,SRS2,0.5333993346587748,Uncertain,True,True,Predicted
*18/*61,"p.I359L , p.D397A","p.R144C , p.N457S",359,144,SRS5,Non-SRS,0.5333246437250305,Uncertain,True,True,Predicted
*12/*54,p.P489S,p.S343R,489,343,SRS6,Non-SRS,0.5332095672785558,Uncertain,True,True,Predicted
*17/*28,p.P382S,p.Q214L,382,214,SRS5,SRS2,0.5331764429089705,Uncertain,True,True,Predicted
*37/*70,p.D49G,p.G442V,49,442,Non-SRS,SRS6,0.5326969378905878,Uncertain,True,True,Predicted
*10/*36,p.E272G,"p.M1V , p.D360E",272,1,Non-SRS,Non-SRS,0.532373405927362,Uncertain,True,True,Predicted
*36/*45,"p.M1V , p.D360E",p.R132W,1,132,Non-SRS,Non-SRS,0.5319251262805595,Uncertain,True,True,Predicted
*20/*49,p.G70R,p.I222V,70,222,Non-SRS,SRS2,0.5318871614879174,Uncertain,True,True,Predicted
*22/*45,p.N41D,p.R132W,41,132,Non-SRS,Non-SRS,0.5316341969160827,Uncertain,True,True,Predicted
*29/*71,p.P279T,"p.E272G , p.P489S",279,272,Non-SRS,Non-SRS,0.5313094864834891,Uncertain,True,True,Predicted
*7/*62,p.L19I,p.R125C,19,125,Non-SRS,SRS1,0.5309940669844154,Uncertain,True,True,Predicted
*29/*70,p.P279T,p.G442V,279,442,Non-SRS,SRS6,0.529357271255138,Uncertain,True,True,Predicted
*49/*60,p.I222V,p.L467P,222,467,SRS2,SRS6,0.5292504428153438,Uncertain,True,True,Predicted
*19/*59,p.Q454H,p.I434F,454,434,SRS6,SRS6,0.5289750927404808,Uncertain,True,True,Predicted
*35/*47,"p.R125H; p.R125L , p.R144C",p.P163L,125,163,SRS1,Non-SRS,0.5289451002173569,Uncertain,True,True,Predicted
*14/*47,p.R125H; p.R125L,p.P163L,125,163,SRS1,Non-SRS,0.5289451002173569,Uncertain,True,True,Predicted
*71/*73,"p.E272G , p.P489S",p.R150C,272,150,Non-SRS,Non-SRS,0.5288192281110504,Uncertain,True,True,Predicted
*10/*73,p.E272G,p.R150C,272,150,Non-SRS,Non-SRS,0.5288192281110504,Uncertain,True,True,Predicted
*32/*60,p.V490F,p.L467P,490,467,SRS6,SRS6,0.5286617398541721,Uncertain,True,True,Predicted
*17/*47,p.P382S,p.P163L,382,163,SRS5,Non-SRS,0.5280989640983023,Uncertain,True,True,Predicted
*19/*64,p.Q454H,p.S280C,454,280,SRS6,Non-SRS,0.5272222442479582,Uncertain,True,True,Predicted
*64/*71,p.S280C,"p.E272G , p.P489S",280,272,Non-SRS,Non-SRS,0.5270194673416646,Uncertain,True,True,Predicted
*35/*72,"p.R125H; p.R125L , p.R144C",p.A149V,125,149,SRS1,Non-SRS,0.5264490817405771,Uncertain,True,True,Predicted
*14/*72,p.R125H; p.R125L,p.A149V,125,149,SRS1,Non-SRS,0.5264490817405771,Uncertain,True,True,Predicted
*7/*42,p.L19I,p.R124Q,19,124,Non-SRS,SRS1,0.525618242663239,Uncertain,True,True,Predicted
*21/*73,p.P30L,p.R150C,30,150,Non-SRS,Non-SRS,0.5253598123948251,Uncertain,True,True,Predicted
*70/*75,p.G442V,p.N418T,442,418,SRS6,Non-SRS,0.5250801348176081,Uncertain,True,True,Predicted
*49/*59,p.I222V,p.I434F,222,434,SRS2,SRS6,0.5244019672830688,Uncertain,True,True,Predicted
*30/*57,p.A477T,p.N204H,477,204,SRS6,SRS2,0.5243944648258925,Uncertain,True,True,Predicted
*22/*24,p.N41D,p.E354K,41,354,Non-SRS,Non-SRS,0.5234043110754358,Uncertain,True,True,Predicted
*10/*27,p.E272G,p.R150H; p.R150L,272,150,Non-SRS,Non-SRS,0.5230434104345218,Uncertain,True,True,Predicted
*30/*54,p.A477T,p.S343R,477,343,SRS6,Non-SRS,0.5229936175547948,Uncertain,True,True,Predicted
*55/*59,p.L361I,p.I434F,361,434,SRS5,SRS6,0.5220818789213393,Uncertain,True,True,Predicted
*8/*21,p.R150H; p.R150L,p.P30L,150,30,Non-SRS,Non-SRS,0.5212749892053878,Uncertain,True,True,Predicted
*21/*63,p.P30L,p.R144H,30,144,Non-SRS,Non-SRS,0.5212406386553536,Uncertain,True,True,Predicted
*28/*70,p.Q214L,p.G442V,214,442,SRS2,SRS6,0.5203709238269134,Uncertain,True,True,Predicted
*5/*60,p.D360E,p.L467P,360,467,SRS5,SRS6,0.519744810318687,Uncertain,True,True,Predicted
*16/*70,p.T299A,p.G442V,299,442,SRS4,SRS6,0.5187924799817513,Uncertain,True,True,Predicted
*4/*74,p.I359T,p.Q214H,359,214,SRS5,SRS2,0.5186438858873964,Uncertain,True,True,Predicted
*69/*71,p.D191G,"p.E272G , p.P489S",191,272,Non-SRS,Non-SRS,0.5173072314563271,Uncertain,True,True,Predicted
*26/*41,p.T130R; p.T130M,p.K119R,130,119,Non-SRS,SRS1,0.5172765650833281,Uncertain,True,True,Predicted
*41/*44,p.K119R,p.T130R; p.T130M,119,130,SRS1,Non-SRS,0.5165947889783833,Uncertain,True,True,Predicted
*54/*64,p.S343R,p.S280C,343,280,Non-SRS,Non-SRS,0.5163231179840836,Uncertain,True,True,Predicted
*17/*48,p.P382S,p.I207T,382,207,SRS5,SRS2,0.5162832727692723,Uncertain,True,True,Predicted
*14/*17,p.R125H; p.R125L,p.P382S,125,382,SRS1,SRS5,0.5159954623588233,Uncertain,True,True,Predicted
*7/*24,p.L19I,p.E354K,19,354,Non-SRS,Non-SRS,0.5152667422844516,Uncertain,True,True,Predicted
*53/*60,p.P317S,p.L467P,317,467,SRS4,SRS6,0.5150114064280952,Uncertain,True,True,Predicted
*38/*60,p.G96A,p.L467P,96,467,Helix,SRS6,0.5136093853525697,Uncertain,True,True,Predicted
*38/*57,p.G96A,p.N204H,96,204,Helix,SRS2,0.5134275108290157,Uncertain,True,True,Predicted
*4/*57,p.I359T,p.N204H,359,204,SRS5,SRS2,0.5116454548207587,Uncertain,True,True,Predicted
*7/*18,p.L19I,"p.I359L , p.D397A",19,359,Non-SRS,SRS5,0.5113790733251303,Uncertain,True,True,Predicted
*59/*71,p.I434F,"p.E272G , p.P489S",434,272,SRS6,Non-SRS,0.5111119088388415,Uncertain,True,True,Predicted
*5/*20,p.D360E,p.G70R,360,70,SRS5,Non-SRS,0.510977570216841,Uncertain,True,True,Predicted
*30/*70,p.A477T,p.G442V,477,442,SRS6,SRS6,0.5107477289338093,Uncertain,True,True,Predicted
*17/*72,p.P382S,p.A149V,382,149,SRS5,Non-SRS,0.5107035819730217,Uncertain,True,True,Predicted
*30/*74,p.A477T,p.Q214H,477,214,SRS6,SRS2,0.5105310285039608,Uncertain,True,True,Predicted
*17/*30,p.P382S,p.A477T,382,477,SRS5,SRS6,0.5102837817998229,Uncertain,True,True,Predicted
*54/*71,p.S343R,"p.E272G , p.P489S",343,272,Non-SRS,Non-SRS,0.510172924876798,Uncertain,True,True,Predicted
*17/*65,p.P382S,p.E326D,382,326,SRS5,I-helix,0.5091906369710529,Uncertain,True,True,Predicted
*70/*72,p.G442V,p.A149V,442,149,SRS6,Non-SRS,0.5089497128315851,Uncertain,True,True,Predicted
*35/*59,"p.R125H; p.R125L , p.R144C",p.I434F,125,434,SRS1,SRS6,0.5085848231593698,Uncertain,True,True,Predicted
*14/*59,p.R125H; p.R125L,p.I434F,125,434,SRS1,SRS6,0.5085848231593698,Uncertain,True,True,Predicted
*5/*59,p.D360E,p.I434F,360,434,SRS5,SRS6,0.5083125174931692,Uncertain,True,True,Predicted
*12/*73,p.P489S,p.R150C,489,150,SRS6,Non-SRS,0.5080610005389343,Uncertain,True,True,Predicted
*35/*63,"p.R125H; p.R125L , p.R144C",p.R144H,125,144,SRS1,Non-SRS,0.5080209797755633,Uncertain,True,True,Predicted
*14/*63,p.R125H; p.R125L,p.R144H,125,144,SRS1,Non-SRS,0.5080209797755633,Uncertain,True,True,Predicted
*35/*51,"p.R125H; p.R125L , p.R144C",p.I284V,125,284,SRS1,Non-SRS,0.5064818555669938,Uncertain,True,True,Predicted
*14/*51,p.R125H; p.R125L,p.I284V,125,284,SRS1,Non-SRS,0.5064818555669938,Uncertain,True,True,Predicted
*11/*18,p.R335W,"p.I359L , p.D397A",335,359,I-helix,SRS5,0.506462739739968,Uncertain,True,True,Predicted
*7/*13,p.L19I,p.L90P,19,90,Non-SRS,Helix,0.5063546092430702,Uncertain,True,True,Predicted
*31/*71,p.I327T,"p.E272G , p.P489S",327,272,I-helix,Non-SRS,0.5061030821460935,Uncertain,True,True,Predicted
*17/*38,p.P382S,p.G96A,382,96,SRS5,Helix,0.5060013599430551,Uncertain,True,True,Predicted
*52/*69,p.T299R,p.D191G,299,191,SRS4,Non-SRS,0.5057560057284685,Uncertain,True,True,Predicted
*53/*59,p.P317S,p.I434F,317,434,SRS4,SRS6,0.5046830648826633,Uncertain,True,True,Predicted
*47/*70,p.P163L,p.G442V,163,442,Non-SRS,SRS6,0.504507641720646,Uncertain,True,True,Predicted
*73/*75,p.R150C,p.N418T,150,418,Non-SRS,Non-SRS,0.5039444630656564,Uncertain,True,True,Predicted
*14/*27,p.R125H; p.R125L,p.R150H; p.R150L,125,150,SRS1,Non-SRS,0.5030500680733263,Uncertain,True,True,Predicted
*35/*64,"p.R125H; p.R125L , p.R144C",p.S280C,125,280,SRS1,Non-SRS,0.5024696762124269,Uncertain,True,True,Predicted
*14/*64,p.R125H; p.R125L,p.S280C,125,280,SRS1,Non-SRS,0.5024696762124269,Uncertain,True,True,Predicted
*36/*40,"p.M1V , p.D360E",p.F110S,1,110,Non-SRS,SRS1,0.5024543658307108,Uncertain,True,True,Predicted
*66/*70,p.L362V,p.G442V,362,442,SRS5,SRS6,0.5015922637488905,Uncertain,True,True,Predicted
*56/*70,p.I387V,p.G442V,387,442,SRS5,SRS6,0.5015922637488905,Uncertain,True,True,Predicted
*1/*18,wild type,"p.I359L , p.D397A",0,359,Non-SRS,SRS5,0.5015498664200984,Uncertain,False,True,Predicted
*7/*45,p.L19I,p.R132W,19,132,Non-SRS,Non-SRS,0.5012560823864665,Uncertain,True,True,Predicted
