Variant,Position,Region,Frequency,CADD,REVEL,SpliceAI,MD_Priority_Score,Recommendation
p.R433W,433,SRS6,53,27.8,0.712,0.01,143,High Priority
p.I434F,434,SRS6,49,27.5,0.762,0.01,139,High Priority
p.R125C,125,SRS1,62,28.2,0.734,0.01,132,High Priority
p.I359L,359,SRS5,79,24.8,0.584,0.02,129,High Priority
p.F110S,110,SRS1,36,25.9,0.612,0.01,106,High Priority
p.R124W,124,SRS1,29,27.1,0.698,0.01,99,High Priority
p.R132Q,132,Non-SRS,98,24.5,0.582,0.01,98,High Priority
p.G98V,98,SRS1,25,26.8,0.672,0.01,95,High Priority
p.R124Q,124,SRS1,20,25.8,0.623,0.01,90,High Priority
p.G442V,442,SRS6,18,25.4,0.598,0.01,88,High Priority
p.N204H,204,SRS2,52,24.6,0.567,0.01,82,High Priority
p.S162X,162,Non-SRS,37,35.0,0.95,0.05,77,Medium Priority
p.L90P,90,Non-SRS,36,28.1,0.823,0.01,76,Medium Priority
p.R132W,132,Non-SRS,33,27.3,0.715,0.01,73,Medium Priority
p.V490F,490,SRS6,19,23.9,0.521,0.01,69,Medium Priority
p.Q454H,454,SRS6,19,22.1,0.412,0.01,69,Medium Priority
p.P382S,382,SRS5,18,23.5,0.518,0.15,68,Medium Priority
p.M1V,1,Non-SRS,16,25.8,0.682,0.01,56,Medium Priority
p.T299R,299,SRS4,26,24.5,0.552,0.01,56,Medium Priority
p.K119R,119,SRS1,19,22.1,0.324,0.01,49,Low Priority
p.I207T,207,SRS2,17,24.2,0.542,0.01,47,Low Priority
p.P317S,317,SRS4,15,23.8,0.512,0.01,45,Low Priority
p.Q214H,214,SRS2,15,23.8,0.478,0.01,45,Low Priority
p.K273fs,273,Non-SRS,37,20.0,0.4,0.01,37,Low Priority
p.S280C,280,Non-SRS,36,24.8,0.568,0.01,36,Low Priority
p.E272G,272,Non-SRS,31,24.3,0.548,0.01,31,Low Priority
p.E354K,354,Non-SRS,27,24.5,0.562,0.01,27,Low Priority
p.P30L,30,Non-SRS,21,24.1,0.552,0.01,21,Low Priority
p.R144H,144,Non-SRS,18,24.8,0.592,0.01,18,Low Priority
p.R150H,150,Non-SRS,15,22.4,0.418,0.01,15,Low Priority
