Rank,Variant,Count,CADD,REVEL,SpliceAI,Score_Source,Phenotype
1,p.R132Q,98,24.5,0.582,0.01,Validated,High_Confidence_Poor
2,p.I359L,79,24.8,0.584,0.02,Validated,High_Confidence_Poor
3,p.R125C,62,28.2,0.734,0.01,Validated,High_Confidence_Poor
4,p.R433W,53,27.8,0.712,0.01,Validated,High_Confidence_Poor
5,p.N204H,52,24.6,0.567,0.01,Validated,High_Confidence_Poor
6,p.I434F,49,27.5,0.762,0.01,Validated,High_Confidence_Poor
7,p.K273fs,37,20.0,0.4,0.01,Estimated,High_Confidence_Poor
8,p.S162X,37,35.0,0.95,0.05,Validated,High_Confidence_Poor
9,p.F110S,36,25.9,0.612,0.01,Validated,High_Confidence_Poor
10,p.S280C,36,24.8,0.568,0.01,Validated,High_Confidence_Poor
11,p.L90P,36,28.1,0.823,0.01,Validated,High_Confidence_Poor
12,p.R132W,33,27.3,0.715,0.01,Validated,High_Confidence_Poor
13,p.E272G,31,24.3,0.548,0.01,Validated,High_Confidence_Poor
14,p.R124W,29,27.1,0.698,0.01,Validated,High_Confidence_Poor
15,p.E354K,27,24.5,0.562,0.01,Validated,High_Confidence_Poor
1,p.E272G,89,24.3,0.548,0.01,Validated,High_Confidence_Intermediate
2,p.R150H,68,22.4,0.418,0.01,Validated,High_Confidence_Intermediate
3,p.A149V,48,21.2,0.385,0.01,Validated,High_Confidence_Intermediate
4,p.N418T,48,22.4,0.452,0.01,Validated,High_Confidence_Intermediate
5,p.I284V,47,18.5,0.285,0.01,Validated,High_Confidence_Intermediate
6,p.I387V,47,18.9,0.298,0.01,Validated,High_Confidence_Intermediate
7,p.L19I,46,15.2,0.248,0.01,Validated,High_Confidence_Intermediate
8,p.T130R,46,20.0,0.4,0.01,Estimated,High_Confidence_Intermediate
9,p.I222V,45,19.8,0.312,0.01,Validated,High_Confidence_Intermediate
10,p.E326D,45,19.5,0.298,0.01,Validated,High_Confidence_Intermediate
11,p.L362V,45,20.2,0.348,0.01,Validated,High_Confidence_Intermediate
12,p.P163L,44,24.5,0.548,0.01,Validated,High_Confidence_Intermediate
13,p.S343R,44,24.2,0.534,0.01,Validated,High_Confidence_Intermediate
14,p.P337T,44,24.1,0.528,0.01,Validated,High_Confidence_Intermediate
15,p.P382S,43,23.5,0.518,0.15,Validated,High_Confidence_Intermediate
